,M,N,K,T,I,D,Q,V,R,K,G,D,R,K,S,D,L,P,V,R,R,R,P,R,R,S,A,E,E,T,R,R,D,I,L,A,K,A,E,E,L,F,R,E,R,G,F,N,A,V,A,I,A,D,I,A,S,A,L,N,M,S,P,A,N,V,F,K,H,F,S,S,K,N,A,L,V,D,A,I,G,F,G,Q,I,G,V,F,E,R,Q,I,C,P,L,D,K,S,H,A,P,L,D,R,L,R,H,L,A,R,N,L,M,E,Q,H,H,Q,D,H,F,K,H,I,R,V,F,I,Q,I,L,M,T,A,K,Q,D,M,K,C,G,D,Y,Y,K,S,V,I,A,K,L,L,A,E,I,I,R,D,G,V,E,A,G,L,Y,I,A,T,D,I,P,V,L,A,E,T,V,L,H,A,L,T,S,V,I,H,P,V,L,I,A,Q,E,D,I,G,N,L,A,T,R,C,D,Q,L,V,D,L,I,D,A,G,L,R,N,P,L,A,K
A,-0.1383693,0.19117184,0.15478875,0.1401378,0.13285258,0.062250722,0.12179621,0.051429182,0.10081121,0.15209223,0.13190973,0.103836775,0.06854134,0.18536377,0.0920077,0.10563737,0.22412322,-0.034215044,0.02771374,0.07893493,0.1335134,0.13266759,-0.030905483,0.09891357,-0.046188653,-0.10102815,0.16036645,-0.06923529,0.035042986,-0.06754381,-0.22590743,-0.00080902997,0.0031100374,-0.3491476,-0.22843261,0.0659835,-0.0069482005,0.03952511,-0.09620148,-0.024178887,-0.2787771,-0.38187745,-0.040631723,0.0072291843,-0.04805006,-0.336769,-0.24085788,0.062385947,0.22542582,-0.22739656,0.11025997,-0.20967169,0.23131369,-0.1214841,-0.41341603,0.028407069,0.16145958,-0.002369833,-0.32457268,0.053625107,-0.21651006,-0.33246303,0.06569469,0.22497958,-0.2148972,-0.07639585,-0.07916809,0.011445639,-0.09885177,-0.50275,0.075202964,-0.181289,-0.45124733,0.044399533,0.12054375,-0.44091514,-0.14545912,-0.01365741,-0.12366777,-0.22499113,0.018804466,0.05380671,-0.06828829,-0.0996364,-0.29094017,0.021390704,0.021506451,-0.29412922,-0.0064254166,0.074950434,0.11424171,-0.25424966,0.11923212,0.06621183,-0.14225994,0.0034412034,0.08240973,0.033260446,-0.05396837,0.056183923,-0.11294185,0.0834961,-0.030356845,-0.10555702,-0.25713333,-0.18862921,0.041846786,-0.2981092,-0.015840279,-0.14189269,0.056118697,-0.2772548,-0.11244961,-0.04118839,-0.009858847,-0.025639484,-0.07381303,0.19702698,-0.058660954,0.026531344,-0.12365633,0.07292078,0.06286704,-0.09241315,0.2045527,0.071397826,-0.13937439,-0.15404972,-0.025602667,-0.12325818,-0.17962871,-0.13399674,0.022611752,0.10602089,-0.030937841,0.11763463,-0.04136218,-0.18970555,0.034045603,-0.11482196,0.13551897,0.1813973,-0.1662052,-0.27882034,-0.053825587,0.08644894,-0.06318938,-0.24251945,0.093247734,0.025986305,-0.0708153,-0.30179694,0.08509728,-0.030704925,-0.1493874,-0.1598415,-0.004513851,-0.041860595,-0.21735753,-0.007381769,0.048701346,0.07649811,-0.19100468,-0.0011132514,-0.2284596,0.032415975,0.08669138,0.08544129,-0.08804486,-0.086040474,0.015718589,-0.016212834,-0.11605408,0.061474692,-0.0005782147,0.11694024,-0.10882556,-0.17819206,-0.0012545238,0.02850163,-0.03264731,-0.060546476,0.15838794,-0.12914379,-0.2783152,-0.107968755,-0.2500554,-0.029869055,-0.17210567,-0.21084274,0.0034862754,0.05037043,0.04132217,-0.072049975,-0.092914306,0.08673033,0.123785585,-0.31678978,0.010442819,0.18294871,-0.0064467206,-0.31325337,-0.06692151,0.14300129,-0.3459599,-0.32184044,0.02427586,-0.024155421,-0.32210627,0.06962096,0.13133322,-0.039379735,-0.20651989,0.016639324,0.31961492,0.039359048,0.038222965,0.02373173,-0.0019718565
R,-0.22351664,0.12157733,-0.021750173,-0.024625083,0.04137751,-0.0061062477,0.037083775,-0.017571896,0.10071506,0.09863564,0.12425691,0.0582716,0.056415346,0.1259466,0.03534296,0.037823867,0.1611846,-0.062204678,-0.036069322,0.1384075,0.17472905,0.19160585,-0.054779906,0.21832497,-0.037917826,-0.07752257,0.014340531,-0.067608744,0.08729986,0.069176994,-0.11144078,0.010490574,-0.04776631,-0.4905448,-0.28595427,-0.030275866,-0.16407885,-0.42177877,-0.19080846,-0.002766654,-0.17271197,-0.49212217,-0.040721815,0.022290451,0.09904911,-0.39548412,-0.2558895,0.018862369,0.059120923,-0.46652207,0.15570118,-0.3821433,0.054035336,-0.20248067,-0.51819,-0.30821058,0.06550519,-0.19409473,-0.40153417,0.06748108,-0.29146817,-0.4632627,-0.14881657,-0.17349537,-0.38530055,-0.33963695,-0.22211121,0.09519267,-0.058764398,-0.51807183,0.0571479,-0.16482215,-0.18909626,0.09609675,0.01233352,-0.5263138,-0.24161136,0.145687,-0.38573608,-0.38907918,-0.15170206,0.07039537,-0.015609775,-0.22967333,-0.28184125,0.0016456023,-0.07920474,-0.3279188,-0.06834099,0.07461435,0.011370956,-0.36033365,0.07731318,0.039801795,-0.3398762,-0.018021638,0.06514658,0.10998469,-0.10942616,0.081691526,-0.1976269,0.11268375,0.02105021,-0.102366954,-0.40148172,-0.047503885,0.08018444,-0.35873917,-0.33826903,-0.08865718,0.07338381,-0.25919876,-0.30353823,-0.06783304,-0.12487453,-0.10463827,-0.116555095,0.07358844,-0.07662342,-0.037687976,-0.09305906,-0.039537158,0.0829824,-0.109202765,0.25990635,-0.069929,-0.06600331,-0.10959814,-0.12873708,-0.16809069,-0.19408338,-0.25318375,-0.0057258382,-0.123223595,-0.0059188004,0.10689446,-0.006544108,-0.19671446,0.04165191,-0.23063596,0.15018237,0.25556347,-0.17768584,-0.34256577,0.03463565,0.065034986,-0.14484163,-0.24687527,0.0069874986,0.03060891,-0.027336875,-0.3766813,0.06400003,-0.07916455,-0.28909594,-0.27636698,0.04542878,-0.10372003,-0.45444536,-0.173375,0.034196388,0.05143501,-0.2464205,-0.12302292,-0.33988473,0.10291193,-0.07372123,-0.03222919,-0.10074017,-0.27432346,-0.0046214103,-0.14139679,-0.2898359,-0.26942396,-0.09288621,0.030793324,-0.24108464,-0.2293659,0.032186985,-0.33918634,-0.25541255,-0.09160793,-0.051536445,-0.3057717,-0.367622,-0.15211199,-0.30171207,-0.18225372,-0.28356215,-0.3630862,-0.1929108,0.044650886,-0.08371171,-0.046532463,-0.14682002,0.09502355,0.20731634,-0.3411393,-0.078527704,0.19464274,0.06607301,-0.42387876,-0.02502189,-0.02927841,-0.39498878,-0.38618886,0.020283882,-0.14428939,-0.45479402,0.060618933,0.18806063,-0.189469,-0.37607515,-0.018808378,0.1782354,0.102436215,0.08733343,-0.1090351,-0.040769905
N,-0.19093479,0.17218584,0.008942558,0.0460728,0.0777481,0.018872367,0.038503226,0.03260166,0.048240107,0.08254535,0.09878343,0.07302924,0.019753225,0.09557726,0.06431869,0.050033733,0.12896805,-0.054280955,-0.018395687,0.05236046,0.06076941,0.07168242,-0.007165421,0.0015132129,-0.11049073,-0.013332374,-0.039306458,-0.07500276,0.02369806,-0.0092590265,-0.23982535,-0.06934423,-0.042369425,-0.4217461,-0.25989053,-0.037533727,-0.17701864,-0.3136628,-0.15626805,-0.04399377,-0.25367832,-0.44695446,-0.094961844,0.0064602396,0.01758136,-0.3286573,-0.21070673,0.09024889,0.058497895,-0.37361178,0.0021201,-0.2737961,-0.012445522,-0.12881538,-0.47184548,-0.3132517,0.054008942,-0.1917565,-0.40229726,0.10726506,-0.29723662,-0.40123105,-0.12807499,-0.1553127,-0.18760203,-0.25635013,-0.19446956,0.013652842,-0.05726676,-0.48970672,0.0038246724,-0.074721985,-0.35676804,0.10180384,-0.050169256,-0.48987126,-0.2408138,0.086474575,-0.3564539,-0.3076595,-0.10277862,0.017676234,-0.036055643,-0.15731688,-0.3523437,-0.041880745,-0.033670124,-0.324147,-0.082672365,-0.0450799,-0.024972418,-0.32534513,0.04376249,0.0688347,-0.27584216,-0.047687683,-0.040836256,0.07179587,-0.10397309,-0.00068360445,-0.1493568,0.06782001,-0.004158879,-0.1923681,-0.3717171,-0.16754262,0.010326051,-0.32235244,-0.2049395,-0.17887174,0.09954089,-0.22792737,-0.24662478,-0.07070867,-0.092773296,-0.08415841,-0.16067822,0.042313367,-0.0050546885,-0.021729087,-0.09796991,-0.013745554,0.088928975,-0.016985072,0.15753552,0.025137618,-0.00044163936,-0.040362295,-0.062648445,-0.066411056,-0.14231326,-0.16113728,0.075274676,-0.035090107,-0.0358078,0.11247053,0.028896345,-0.19349432,-0.03183661,-0.1662902,0.07803223,0.15879811,-0.23718287,-0.28860825,-0.08048845,0.05105293,-0.09613941,-0.18205322,0.0020147748,-0.015407787,-0.036911067,-0.29943004,0.018008212,-0.0845593,-0.19656916,-0.20362236,-0.04773668,-0.083640985,-0.36216843,-0.073818736,0.0026459757,0.010372802,-0.2274847,-0.09551338,-0.299533,0.03264561,-0.039702553,-0.022417838,-0.039452594,-0.1893114,0.0044652023,-0.12483696,-0.20303512,-0.17797911,-0.12383273,0.018121118,-0.15131848,-0.15876627,0.017513635,-0.21642266,-0.12850396,0.0064284853,-0.010462803,-0.23385663,-0.3000889,-0.10386605,-0.25491464,-0.13004439,-0.22884457,-0.26677853,-0.14264692,-0.021059103,-0.036615606,-0.031860463,-0.20341341,0.016009318,0.16274935,-0.33398947,-0.07739389,0.100391574,-0.05919504,-0.41338107,-0.048444524,-0.026572287,-0.3729055,-0.36265227,0.0035878296,-0.09329921,-0.3935524,0.04454718,0.107100785,-0.1683544,-0.3131864,-0.09860503,0.17307758,0.041490775,0.008354248,-0.066135205,-0.05638292
D,-0.19590546,0.22717546,0.027695293,0.1257933,0.044894725,0.1963032,0.050453994,0.087401725,0.12728266,0.19124888,0.19834723,0.24526781,0.06052962,0.14941867,0.18329833,0.22741793,0.14301072,0.0030627686,0.0023818475,0.10966522,0.13734384,0.11498317,-0.031109387,0.11318097,-0.116485335,0.09018066,0.0037780702,-0.05555145,0.004416401,-0.18157502,-0.31758806,-0.1783355,0.090702035,-0.57094985,-0.3153577,-0.0547014,-0.36146295,-0.43531343,-0.20862742,-0.045641374,-0.33284482,-0.5483519,-0.16649152,-0.011911277,-0.027852282,-0.28469872,-0.30467197,0.1091038,0.10063422,-0.5286877,-0.09258387,-0.48125267,-0.028584473,0.12646233,-0.60689706,-0.37901366,0.027607381,-0.21247377,-0.48068762,0.091605395,-0.40054718,-0.35811993,0.1378493,-0.23962247,-0.16354495,-0.37340316,-0.31896654,-0.10087636,-0.072579056,-0.5481103,0.21689272,0.021016886,-0.40353227,0.005678218,-0.059187755,-0.56238526,-0.32139084,0.08472667,-0.36758637,-0.43901607,-0.2526853,-0.033268508,0.01237929,-0.2552285,-0.4239172,-0.03410698,-0.06281002,-0.36992833,-0.11867389,-0.06635974,-0.02461052,-0.4087774,0.004654581,0.1887935,-0.30291733,0.10444355,-0.11601275,0.12454788,-0.073756345,0.03917852,-0.1336282,-0.006185986,0.08971766,-0.2513058,-0.45467162,-0.21413189,-0.0069954717,-0.4084581,-0.31838045,-0.21712466,-0.019027099,-0.33331677,-0.3448577,-0.03742971,-0.14879286,-0.10445415,-0.17128181,-0.015142809,0.20173468,0.034237854,-0.12640564,-0.07542976,0.20823227,-0.08945748,0.2767956,0.03247665,-0.0733564,-0.056832567,0.021955742,-0.12104896,-0.16192104,-0.14459768,0.09497896,-0.061223358,-0.06899563,0.19885845,0.2229616,-0.20555836,-0.08222444,-0.26610783,0.025595522,0.17416881,-0.23685144,-0.351177,-0.16737778,0.050151978,-0.13966285,-0.30689442,-0.05809428,-0.044732198,-0.06707792,-0.40313807,-0.019906085,0.047286283,-0.32618767,-0.29952067,-0.0950507,0.08495671,-0.47679362,-0.19259042,0.035081945,-0.116787314,-0.23832183,-0.13933273,-0.38089263,-0.030747838,-0.057258528,-0.07488572,0.0974851,-0.26985243,0.06672221,-0.20509873,-0.28850976,-0.2546107,-0.016662106,-0.10226498,-0.27728987,-0.3017151,-0.02423354,-0.3551103,-0.25996175,-0.07686967,0.003970793,-0.35210702,-0.41591895,-0.045925755,-0.18893354,-0.22986339,-0.2957231,-0.37003073,-0.20834792,-0.0030671153,0.038573086,0.11801087,-0.28338966,0.027212456,0.08146436,-0.41767552,-0.13775168,0.0682395,-0.06762713,-0.47464898,0.1072625,-0.12334301,-0.44862542,-0.41442093,0.07370657,-0.18064235,-0.45894918,0.05439448,0.058040828,-0.2142783,-0.40405262,-0.1709833,0.13422568,0.04740784,0.027265938,-0.030785168,-0.047937226
C,-0.12623078,0.03697557,-0.05117621,0.015075612,0.10682804,-0.051968437,0.02608344,0.014752649,0.033050198,0.014280814,0.03060056,0.013277876,0.043598637,0.05718379,0.027555363,0.007914844,0.13825963,-0.1255175,0.008412209,0.011342719,0.0012165481,-0.07029873,-0.04652652,-0.047408324,-0.12007723,-0.094158895,-0.012495632,-0.08364918,-0.034498308,-0.08767416,-0.22665763,-0.118543364,-0.09553478,-0.2336091,-0.16924672,-0.08935686,-0.009984248,-0.068770476,-0.12467561,-0.06419724,-0.2028212,-0.28213498,-0.11895036,-0.016469428,-0.049359087,-0.34933957,-0.17081483,-0.06724975,-0.039226387,-0.15312399,-0.009679901,-0.115845434,-0.14193362,-0.23139022,-0.26448736,-0.15079422,-0.042941783,-0.14013599,-0.3062969,-0.06198703,-0.1467199,-0.3736652,-0.14568263,-0.16003762,-0.23156182,-0.05394094,-0.1795566,-0.09547659,-0.11048997,-0.35370633,-0.087707184,-0.1350084,-0.40879107,-0.033082124,-0.029641187,-0.26163304,-0.164089,0.036608465,-0.16736238,-0.065034084,0.066071704,-0.0026586838,-0.11858973,-0.069422774,-0.30126455,-0.09417132,0.026789086,-0.22353975,-0.052892406,-0.08938173,0.016194237,-0.19537397,0.04601993,-0.061636865,-0.20788564,-0.09498831,-0.081951894,-0.027793774,-0.09860105,0.025315367,-0.10394522,0.08319714,-0.08025907,-0.15802364,-0.18740438,-0.22357126,-0.01951036,-0.18556005,0.05453277,-0.19349426,-0.007843361,-0.103009276,-0.076072045,-0.08623731,-0.03780697,-0.08484485,-0.18128903,0.101002954,-0.076090105,-0.049569476,-0.08269191,0.0031809446,-0.00036373487,0.05709437,0.11939472,0.12105467,0.024650505,-0.073248334,-0.036866512,0.027066857,-0.08691406,-0.11461524,0.013782535,0.05141132,-0.102446444,0.07474475,-0.10268829,-0.22622572,-0.08369442,-0.0769091,0.040892452,0.105796695,-0.21751188,-0.18793203,-0.12713021,-0.039507,-0.023562273,-0.038654864,0.01608883,-0.08439469,-0.07473879,-0.1352507,-0.006711165,-0.108561695,-0.07232725,-0.023339635,-0.116427064,-0.13164276,-0.22944923,0.034458496,-0.062105414,0.03370085,-0.30919552,-0.02221156,-0.14049907,0.045182705,0.0081881145,0.015275896,-0.102202214,-0.07510435,-0.09561524,-0.023257747,-0.07133608,-0.003278628,-0.119449586,0.079856105,0.059187185,-0.036267906,-0.028932223,-0.011899265,0.08361647,0.015883222,-0.008840639,-0.115558825,-0.16608863,-0.19128157,-0.27502057,-0.024326256,-0.10233733,-0.14268011,-0.06636856,-0.078011565,-0.0010779947,-0.11249686,-0.19369388,-0.04675817,0.07324927,-0.16223763,0.0010779476,0.055442482,-0.078682765,-0.20853943,-0.17065288,0.037145402,-0.18453063,-0.23831654,-0.06233533,-0.0057734647,-0.1781791,-0.007819592,0.0124511635,-0.043038964,-0.11857272,-0.108686954,0.08228614,-0.07317119,-0.056556866,-0.08829107,-0.09474677
Q,-0.20273934,0.113039844,-0.019182932,0.002371752,0.06662144,0.0030621886,0.101893514,0.018628467,0.055349052,0.09195501,0.1030738,0.056541517,0.019194579,0.10990775,0.053003818,0.041908372,0.15523407,-0.048282858,-0.017541448,0.05885914,0.086355686,0.08186932,-0.027796894,0.018583918,-0.07341116,-0.069602445,-0.008776736,-0.03614223,0.06556051,-0.021194452,-0.1724285,-0.020550998,-0.03315514,-0.41015705,-0.19635133,-0.04350886,-0.16571711,-0.3485416,-0.12107074,-0.009365459,-0.16650987,-0.42797562,-0.073855765,0.016466277,0.0051937005,-0.39015397,-0.21983111,0.02347369,0.035445165,-0.39680424,0.03562515,-0.26327184,-0.021793121,-0.14755633,-0.43746746,-0.29600197,0.0245886,-0.17940016,-0.34839383,0.010220517,-0.26081678,-0.4528823,-0.14342274,-0.18483192,-0.37297747,-0.24090914,-0.19973572,-0.012014537,-0.069362976,-0.46651208,0.0012495281,-0.18263654,-0.30862388,0.094046526,-0.02198294,-0.4199951,-0.21715699,0.10067052,-0.338467,-0.31055224,-0.11389973,0.03542881,-0.020786516,-0.10167434,-0.25718024,-0.027501212,-0.0497632,-0.2746363,-0.035765328,-0.034573376,0.033005342,-0.2771674,0.07179725,0.04923454,-0.22593886,-0.05710253,0.035219412,0.043775696,-0.094637394,0.023521578,-0.15099998,0.10013008,0.015649306,-0.15773094,-0.29460597,-0.119630806,0.008881499,-0.27358127,-0.20825471,-0.1416242,0.032194342,-0.16904075,-0.21194227,-0.06495813,-0.023427678,-0.0735516,-0.13020642,0.09331155,-0.03679532,-0.044191018,-0.0874736,-0.023766138,0.057827696,-0.04204097,0.15935943,-0.005622046,-0.029595627,-0.04491578,-0.03022659,-0.08218973,-0.12265223,-0.20079738,0.029825179,-0.08958886,-0.030228885,0.1589307,-0.011807795,-0.14376053,-0.026836509,-0.16970696,0.11166387,0.16733347,-0.21332784,-0.26567337,-0.028526947,0.009696108,-0.10487199,-0.16757058,0.0021615128,-0.022623623,-0.021010516,-0.25337926,0.031762075,-0.06958523,-0.19117367,-0.16775262,-0.029745154,-0.06581428,-0.37533593,-0.08803898,-0.0036766294,0.046764527,-0.2573389,-0.06632505,-0.27465788,0.04085259,-0.018638818,-0.05522144,-0.094385885,-0.17780273,0.011658102,-0.12548749,-0.19330467,-0.21198107,-0.06473017,-0.00044525415,-0.13745591,-0.13597475,0.011517567,-0.26308712,-0.11739123,-0.018174581,-0.04351161,-0.23900145,-0.27233538,-0.13411026,-0.24550055,-0.13781874,-0.21955323,-0.26021013,-0.13324161,0.037597124,-0.040170953,-0.07423875,-0.12219026,0.02986228,0.115189016,-0.28595006,-0.057015147,0.11893016,-0.049742598,-0.3895308,-0.061000824,0.03212421,-0.30456075,-0.3468819,-0.018304637,-0.10022002,-0.34084454,0.06375489,0.089865826,-0.1605964,-0.27711067,-0.07044295,0.11655421,0.06340954,0.009735636,-0.06294719,-0.049820572
E,-0.21395135,0.19182724,0.018464535,0.08216902,0.07075608,0.09139011,0.04327553,0.056033347,0.10008057,0.15182541,0.15813974,0.15409145,0.047491323,0.1533206,0.13385741,0.12608784,0.1825457,-0.007934534,-0.0073010605,0.10014093,0.124639034,0.15162684,-0.0038806957,0.0015785968,-0.13343224,0.0031106088,-0.07573294,0.0003568315,0.094944865,-0.13359168,-0.27372178,-0.09037879,0.022893278,-0.5065044,-0.22878416,-0.056506176,-0.2636985,-0.423785,-0.106641345,0.043294176,-0.25551564,-0.5310432,-0.12497839,0.09378623,-0.016163265,-0.32871756,-0.2540702,0.05991301,0.06364789,-0.47023988,-0.13301612,-0.40715614,-0.064926796,-0.024679428,-0.51899856,-0.3733069,0.0448803,-0.20482428,-0.44488534,0.030841647,-0.36451998,-0.42287597,-0.01824844,-0.28944278,-0.37811664,-0.33930802,-0.3320755,-0.08252417,-0.08470052,-0.5282577,0.1080811,-0.119852096,-0.3802899,0.01244467,-0.082057394,-0.4987593,-0.29348597,0.10768045,-0.36884162,-0.37831506,-0.22291887,-0.001237771,-0.004346198,-0.25126746,-0.4118669,-0.041611467,-0.06043509,-0.3764108,-0.02708189,-0.08667093,-0.06315902,-0.40510735,0.04191878,0.19678847,-0.32547843,-0.010443136,-0.08487428,0.08972003,-0.12253598,-0.06833503,-0.15999591,0.08193897,0.0364681,-0.25700378,-0.4176322,-0.15273781,-0.027968919,-0.38085458,-0.29435477,-0.17374937,0.0021570486,-0.27001122,-0.32565364,0.0038390385,-0.17094533,-0.14149253,-0.19398318,-0.020245342,0.103191555,-0.010878597,-0.10075361,-0.03848261,0.15624958,-0.03861867,0.2543979,0.026770843,0.008183591,-0.018402437,-0.029101742,-0.040559676,-0.14014645,-0.16344468,0.10691895,-0.08426417,-0.022934368,0.18024105,0.11861429,-0.23127727,-0.075783096,-0.26535076,0.029877245,0.15415479,-0.2954888,-0.36856982,-0.16815627,0.024271643,-0.15299593,-0.24548823,-0.04236972,-0.05459397,-0.057561677,-0.34516096,0.03593268,0.011170252,-0.2488418,-0.2111419,-0.04498515,-0.015702533,-0.44101647,-0.1505243,0.06963801,-0.0512967,-0.2475649,-0.11191088,-0.36623967,-0.029221935,-0.06702272,-0.111397,-0.059513297,-0.22748168,0.039820377,-0.19443475,-0.27150053,-0.2774265,-0.03608284,-0.08214694,-0.21983832,-0.25090295,-0.031317115,-0.3694509,-0.22985376,-0.042401176,-0.05249909,-0.304984,-0.35794833,-0.1389558,-0.24072623,-0.19228272,-0.28224635,-0.3431683,-0.2279483,-0.040054172,0.02738102,-0.013942723,-0.27519682,-0.008382338,0.07162843,-0.4256624,-0.116028346,0.09636892,-0.09350256,-0.4609406,0.0070526055,-0.10778987,-0.40673885,-0.3800272,0.0020195283,-0.17576794,-0.42920816,0.0733246,0.0683827,-0.2640995,-0.37005553,-0.13964663,0.10029089,0.054234684,-0.0091407,-0.071808636,-0.04971272
G,-0.20856823,0.1098524,-0.020704364,0.09313002,0.042620186,0.013931016,-0.024431199,0.01709384,0.035838973,0.069128215,0.1315343,0.079230756,0.018201267,0.0778606,0.086782195,0.061938126,0.1183941,-0.07997877,-0.03810866,0.028656527,0.051191825,0.08000278,-0.03378732,0.07850919,-0.06426358,0.03240499,0.07296897,-0.09296461,-0.018802568,-0.13224317,-0.30592465,-0.14498651,-0.059628904,-0.4643121,-0.3151618,-0.095890254,-0.22308545,-0.17480065,-0.16595916,-0.09139667,-0.33758628,-0.44033846,-0.11335862,-0.07179323,-0.07950793,-0.18470097,-0.28856212,0.039751682,0.06769165,-0.43468705,0.049010888,-0.3118541,0.02975673,-0.13778104,-0.52637434,-0.20564093,0.035877075,-0.1467682,-0.38827845,0.07387752,-0.30170524,-0.35036936,-0.01898712,-0.02497779,-0.24091388,-0.22331053,-0.26520205,-0.098609775,-0.13642804,-0.50185204,0.08985115,0.005485984,-0.42767575,0.040771488,-0.037733596,-0.5112303,-0.23726495,0.04213922,-0.28925326,-0.3370234,-0.07424869,-0.004713336,-0.017780349,-0.1495494,-0.31612486,-0.029098071,-0.03279471,-0.27636078,-0.053346116,-0.05412748,0.020546498,-0.30180988,0.061880797,0.06323049,-0.20475954,-0.049637303,-0.023107758,0.12033258,-0.05371587,0.02960395,-0.16584888,0.013288694,-0.0827787,-0.20157768,-0.33919725,-0.22355175,-0.010461691,-0.34994805,-0.11490035,-0.19363044,0.036427826,-0.24556863,-0.17228238,-0.084648974,-0.09127015,-0.08315285,-0.045772973,0.061628286,0.017176706,-0.07655152,-0.12747134,-0.08640326,0.08430042,-0.0657142,0.19553375,0.039430376,-0.033709895,-0.12802614,-0.117452085,-0.120068856,-0.17120798,-0.19612475,0.031571805,-0.026094578,-0.12620078,0.11413652,-0.006830403,-0.14489897,-0.079891585,-0.17672412,0.15532093,0.1575226,-0.24046445,-0.3223877,-0.16433652,0.07017606,-0.10975262,-0.24594505,-0.02787759,-0.07669901,-0.07945705,-0.3331692,-0.019375518,-0.0019464405,-0.2587888,-0.17754741,-0.09249937,-0.091837116,-0.20990402,-0.10645646,-0.04573697,-0.124618985,-0.114421405,-0.14335042,-0.31556943,-0.020720024,-0.08831317,0.005363912,-0.11335423,-0.2258765,-0.00041355813,-0.11979439,-0.23547848,-0.12620127,-0.049831178,0.02323009,-0.16616598,-0.18850969,-0.02280049,-0.12983547,-0.06588794,-0.03916417,0.08725143,-0.26131582,-0.34459218,-0.15994422,-0.25488254,-0.1698773,-0.26458648,-0.3036262,-0.09688342,-0.012699249,0.0153716365,-0.04130952,-0.1460794,0.053332612,0.08272369,-0.32970238,-0.0641453,0.10152101,-0.07653823,-0.38139197,-0.1018283,-0.029748147,-0.39387026,-0.36693785,-0.05647245,-0.09637758,-0.33133742,0.041430477,0.029642636,-0.044778254,-0.2888144,-0.05640513,0.19486909,0.055568133,-0.005963318,-0.039597403,-0.12194279
H,-0.14724427,0.07958644,-0.046716034,-0.020248307,0.06494527,0.018562151,0.079100005,0.028219959,0.0720476,0.06317061,0.100828774,0.07600181,0.055299312,0.07879557,0.06102601,0.066923976,0.1418902,-0.064489305,0.0028437849,0.08053263,0.06610239,0.006681549,-0.05270451,-0.037036326,-0.12492714,-0.123897664,-0.047710616,-0.054193776,-0.0011726072,-0.05495025,-0.22483481,-0.081753485,-0.056451034,-0.4477636,-0.2436425,-0.053820703,-0.15991338,-0.3460689,-0.14438677,-0.00411942,-0.13383941,-0.37731746,-0.10819314,0.011685796,0.03332597,-0.3649483,-0.18683507,0.021516526,0.018607223,-0.39454117,0.0017618313,-0.30969223,-0.14048488,-0.12608896,-0.46577713,-0.29148963,0.0054798187,-0.14760898,-0.38986063,0.028161094,-0.27306044,-0.3891119,-0.12798403,-0.23765516,-0.24348581,-0.2643218,-0.1833563,0.022912448,0.12586476,-0.3891436,-0.00937784,-0.16981214,-0.33288243,-0.0012577946,-0.055494174,-0.4858571,-0.26537696,0.05261172,-0.30355537,-0.28710258,-0.08480668,0.0012618763,-0.005399551,-0.13297166,-0.32186133,-0.034145143,-0.04456054,-0.34007105,-0.09944918,-0.05140717,0.020400329,-0.31815505,0.023302449,0.04071996,-0.27151674,-0.06790101,-0.06347541,0.021871129,-0.043536544,0.021192804,-0.14429152,0.07803833,0.009232414,-0.20512629,-0.3663127,-0.13715327,0.10603797,-0.25291312,-0.24585064,-0.16831094,0.011971526,-0.17159669,-0.2585237,-0.06208532,-0.07730443,0.0011161024,-0.11387336,0.05402654,-0.02208297,0.071714334,-0.05363962,0.015938079,0.17874163,0.014451838,0.16704649,0.04367436,-0.028356528,-0.0010061037,-0.008756411,-0.05625241,-0.09582441,-0.1372823,0.062089365,-0.028531859,-0.014996898,0.13023348,0.027170932,-0.18966685,-0.04026385,-0.18415213,0.07841084,0.10293659,-0.16000165,-0.19926226,-0.04496074,-0.020069288,-0.09002671,-0.13048773,0.007916541,-0.0208165,-0.028267844,-0.2641823,0.01730009,-0.06533435,-0.24788523,-0.22742243,-0.058239724,-0.08209897,-0.35314846,-0.12271627,-0.0040233135,0.072711,-0.27895805,-0.06997603,-0.22110017,0.063442215,-0.0147857005,-0.06589248,-0.061598103,-0.19293751,-0.014262791,-0.14976113,-0.2227621,-0.20565961,-0.07134662,-0.014226153,-0.113630295,-0.12576653,0.09617839,-0.24847871,-0.12073956,-0.013983603,-0.058752153,-0.21772575,-0.25066805,-0.018711973,-0.23682414,-0.13252494,-0.189682,-0.25690365,-0.13568325,-0.011877105,-0.0014443895,-0.06969485,-0.20558198,0.011871262,0.09070015,-0.27410564,-0.117133744,0.072980866,-0.047511097,-0.39483973,-0.06933186,-0.012188725,-0.3259242,-0.40705326,-0.01427688,-0.10115918,-0.40131116,0.013836089,0.09923332,-0.10298275,-0.32550955,-0.13607146,0.065396644,-0.016262792,0.014619538,-0.08143165,-0.033312526
I,-0.18081182,0.02099233,-0.14750203,-0.05435129,0.20590955,-0.08046203,0.043496642,0.028533122,0.03689828,-0.016883476,0.023454705,-0.002094018,0.04502545,0.029022723,0.012578252,-0.0093717715,0.18169425,-0.1250126,-0.00527533,0.016040392,-0.010554581,-0.110259295,-0.03961089,-0.09613625,-0.11881789,-0.08628259,-0.027712807,-0.024337819,0.07947734,-0.05542797,-0.21557677,-0.056746643,-0.089878105,0.08029441,0.03644298,-0.113211334,-0.006077435,-0.1888209,-0.044568732,0.03435812,-0.025274197,-0.14764613,-0.03423817,0.015286806,-0.03591123,-0.4734081,-0.11656797,-0.045865234,-0.09072072,-0.047405124,0.055472236,0.17206223,-0.15077661,-0.28374624,0.11172795,-0.32972738,-0.06769184,-0.22310512,-0.26307258,-0.09051355,-0.091913946,-0.46907845,-0.25127065,-0.20856781,-0.32379267,0.06245342,-0.17107804,-0.11156374,-0.18968432,-0.2769745,-0.096678875,-0.21949214,-0.39571956,0.017649736,-0.026014492,0.06864922,-0.119628996,0.12077131,-0.2940404,0.1345299,0.07513635,0.031305432,-0.10475182,-0.026408106,-0.07877999,-0.11497969,0.062423814,-0.15029107,0.0033628158,-0.0876351,0.023766428,-0.0019620971,0.027996287,-0.08500976,-0.1459075,-0.10163656,-0.081441715,0.047584597,-0.16362293,0.076488994,-0.11373488,0.21776308,-0.0047415793,-0.18888249,-0.0066035367,-0.12272814,0.046922043,0.0021422904,0.07385497,-0.116265796,0.021148726,0.13614626,0.010087588,-0.076960236,-0.039614577,-0.10120227,-0.16576152,0.10313007,-0.07424461,-0.13721444,-0.07043515,-0.010860458,-0.058106303,0.262116,0.0703409,0.11721676,0.076079465,0.09912614,-0.15644936,0.21974815,0.029888721,-0.1782887,-0.013365832,-0.07982051,-0.16419585,0.047350314,-0.13450061,-0.22030671,-0.09240558,-0.09812987,0.050021958,0.16727,-0.18601958,-0.099849105,-0.08951703,-0.05528446,-0.00570835,0.22247642,0.015064222,-0.111379534,-0.0019250251,0.102998465,0.054925263,-0.08090559,0.08951523,0.21061069,-0.06357669,-0.14729844,-0.2866876,0.04674974,-0.056649398,0.09236646,-0.44476533,-0.026346946,-0.053035263,0.18304367,0.0101030385,-0.08841569,-0.17978413,0.08173426,-0.09869341,0.027681256,0.012169585,-0.12863642,-0.11317119,0.09994807,0.15744911,0.14369808,0.01611032,-0.11053407,0.14414223,0.089956604,-0.04512899,-0.09336493,0.06728243,-0.25913462,-0.28672695,-0.012923819,0.032382887,0.08167875,-0.12473053,-0.09844226,-0.011547084,-0.16651216,-0.054106444,-0.06823942,0.13890578,0.0025336419,-0.0053632506,0.12201387,-0.10726424,-0.235642,-0.24277852,0.021751294,0.08949542,-0.21097709,-0.10274845,0.11150828,0.040820528,0.017726658,0.034489308,-0.07186152,0.031047165,-0.035907853,0.0798061,-0.048256245,-0.0068810373,-0.08972553,-0.13322271
L,-0.24899085,0.016617412,-0.14958192,-0.09257907,0.077008046,-0.093540035,-0.008407563,-0.03998365,-0.01178699,-0.018449094,0.009689069,-0.017730994,-0.016761156,0.042632237,-0.035414968,-0.036027167,0.20242496,-0.1274199,-0.08135461,-0.01719879,-0.017470973,-0.026095515,-0.10471686,-0.053636838,-0.01647243,-0.0770314,-0.073744565,-0.022132462,0.121983655,0.020690007,-0.21983875,0.020244574,-0.03618593,-0.08207337,0.043016672,-0.074148126,-0.06737806,-0.23631139,-0.038647424,0.035708006,0.0972878,-0.18035127,0.032080468,0.022525946,-0.009265415,-0.4714575,-0.14532799,-0.021769827,-0.028405705,-0.17258745,0.12562478,-0.021419315,-0.08130136,-0.23050244,-0.066697925,-0.37961975,0.014393784,-0.16939521,-0.018866243,-0.020440415,-0.16519396,-0.4785192,-0.36949182,-0.24464412,-0.36159375,0.035551205,-0.18805225,-0.045705885,-0.12654571,-0.2597978,-0.10796225,-0.18080764,-0.33752087,0.12785295,0.061965864,0.05485845,-0.04618905,0.22748785,-0.30930412,-0.040506206,0.0026346634,0.0964993,-0.030947557,-0.0035712458,-0.024066167,-0.064912826,0.017166356,-0.013746056,0.013344019,-0.028710866,0.096813954,-0.013157089,0.13989152,-0.01268739,-0.017870817,-0.068795346,0.04495501,0.12052068,-0.0754133,0.13795681,-0.19991972,0.27943382,0.008900997,-0.20769703,0.079020165,-0.09681151,0.10212168,-0.013469514,0.0052721943,-0.09069113,0.17187214,0.17980005,0.02417393,-0.07643265,-0.0061725583,-0.038459275,0.01880982,0.101938725,-0.08177383,-0.17349808,-0.0816925,-0.035044227,-0.045290556,0.09446614,0.09062907,0.018265001,0.10999617,-0.009801629,-0.25744435,0.03176566,-0.0076453793,-0.26895794,-0.011530091,-0.17836876,-0.12135924,0.033544946,-0.10080445,-0.07075296,-0.030933073,-0.06973297,0.14325975,0.26368698,-0.18116768,-0.19245194,-0.05233757,0.005145566,-0.06955459,0.047488805,-0.019113837,-0.0691488,0.09925022,0.047691602,0.071410045,-0.07185734,-0.034711752,0.15719481,-0.007930673,-0.12142793,-0.3183021,-0.06359445,-0.02225815,0.11005294,-0.3840709,0.014985505,-0.08384469,0.08056786,-0.037158314,-0.10894687,-0.2015003,-0.10107711,-0.05486771,-0.03273852,-0.04063781,-0.23958538,-0.10844412,0.14711024,0.0718289,0.13055849,0.040134773,-0.13474767,0.13612173,0.052346777,-0.03591017,-0.12942056,-0.0750636,-0.23586787,-0.3047746,-0.095678,-0.02784994,-0.083185494,-0.11612174,-0.05401985,-0.0072168396,-0.15152091,-0.011063438,-0.044381995,0.21444541,0.047504693,-0.025994994,0.18455715,-0.04608253,-0.26866928,-0.18795033,-0.00883095,0.07796397,-0.1564861,-0.078113645,0.12702669,0.062067855,0.18456347,0.113388486,-0.15421213,0.053587835,0.04047206,0.14167525,0.024253132,0.102478795,-0.050814223,-0.13288838
K,-0.28008118,0.04812472,-0.07891269,-0.08345467,0.016004482,-0.047275286,-0.023134321,-0.018863661,0.01502949,0.051494043,0.009848735,0.020705044,-0.014856643,0.063551866,0.0014785653,-0.0032528203,0.11257846,-0.14524244,-0.07800159,0.003801768,0.029147046,-0.033631787,-0.12688357,0.0709024,-0.0010670299,0.05349198,0.046746437,-0.034801412,0.1380927,-0.048071165,-0.1621856,-0.08514008,-0.048399713,-0.44653544,-0.2077703,-0.1134127,-0.089986615,-0.38862368,-0.12683187,0.0106224185,-0.17594393,-0.48217627,-0.07350779,-0.0068606883,0.034876544,-0.3929694,-0.35784367,0.081368394,0.033689883,-0.42012736,0.2577588,-0.29995704,0.003248766,-0.14900446,-0.4840232,-0.34097835,0.02764971,-0.24094875,-0.41079983,0.15066323,-0.28440657,-0.42282537,-0.07772661,-0.16003327,-0.27958727,-0.28243554,-0.1636504,0.07659937,-0.18740392,-0.5656398,0.12178022,-0.069040515,-0.17329764,0.1757872,0.037206624,-0.4175835,-0.23120916,0.17837977,-0.370405,-0.35291043,-0.15078963,0.04289022,-0.05505462,-0.12410313,-0.19724916,-0.05672541,-0.021596119,-0.33078203,0.009944654,0.036061343,0.103265315,-0.23239507,0.087142736,-0.004869658,-0.20873354,-0.03987008,0.07480142,0.2541717,-0.14832103,0.23297894,-0.18723653,0.11699999,-0.007587202,-0.10768506,-0.3021243,-0.09529737,0.11238459,-0.28537062,-0.26197812,-0.15375338,0.11906134,-0.09773555,-0.19440444,-0.093478404,-0.078909665,-0.13224927,-0.086568154,0.08833333,-0.042151134,-0.12595817,-0.21055914,-0.02565631,-0.02850879,-0.00064762804,0.08450672,-0.023000484,-0.14417495,-0.09032121,-0.17555432,-0.10849953,-0.16939902,-0.267141,-0.05345745,-0.17599966,-0.092883386,0.033150613,-0.077013806,-0.1680509,0.03306028,-0.18205166,0.1196261,0.2564354,-0.1506323,-0.27819797,0.052030165,0.078766994,-0.068990536,-0.1370659,-0.029262573,0.033205003,0.013531991,-0.25117207,0.031737324,0.051016703,-0.28874987,-0.17983234,-0.018257516,-0.07814762,-0.3824897,-0.11962565,0.027480088,0.040478703,-0.22807688,-0.12511848,-0.3553654,0.14152749,-0.059773114,-0.06923069,-0.1264865,-0.1892441,-0.022570157,-0.101166725,-0.19512482,-0.25212738,0.08091116,0.020376638,-0.20062365,-0.070619226,-0.0323514,-0.33313915,-0.097688936,-0.026777232,-0.054638635,-0.2972734,-0.25432423,-0.2102956,-0.2997454,-0.15899332,-0.19995831,-0.22595318,-0.16643804,0.046949703,0.0055562095,-0.043582767,-0.037762593,0.03637199,0.24702294,-0.2281204,-0.084286116,0.22092175,0.008495773,-0.34819028,-0.10337464,-0.0091836825,-0.26640055,-0.40868375,-0.03361849,-0.041777596,-0.33407092,0.053944856,0.1055882,-0.16571629,-0.25256723,0.05646849,0.18990673,0.10541063,0.0937607,-0.06076607,-0.046088636
M,0.09165218,0.022099813,-0.15403433,-0.05660921,0.10514853,-0.076103576,0.015971625,0.011450749,0.033026665,-0.023077726,0.038059384,-0.001095999,0.043550957,0.02905008,0.01605577,-0.015332717,0.15162994,-0.11992649,-0.0021489635,0.02317676,-0.02450414,-0.11107565,-0.045233503,-0.03512472,-0.07289762,-0.05942684,0.014223191,0.03423995,0.10429124,-0.016967421,-0.18122405,-0.08188716,-0.055437725,-0.17572522,-0.03132244,-0.06811754,-0.09351913,-0.20637937,-0.04086349,0.06329162,0.04502343,-0.14642073,-0.030998247,0.03975184,-0.010532927,-0.38081503,-0.104616575,0.03759526,-0.052770916,-0.16969097,0.1633306,0.0075429543,-0.12342277,-0.19680662,-0.15434937,-0.23869188,-0.082026616,-0.16780305,-0.19813918,-0.00076736015,0.04247998,-0.39287877,-0.20013337,-0.2369984,-0.20114934,-0.06286789,-0.15279695,-0.1094942,-0.117955625,-0.27044865,-0.024491975,-0.14299709,-0.25128752,0.09068796,0.011720091,-0.099037446,-0.15303299,0.17607214,-0.20853782,-0.05402541,0.07974536,0.104376115,-0.0033598777,0.0026143424,-0.091695,-0.034232907,0.05938965,-0.14779325,0.0711324,0.0020460833,0.095323265,-0.08717971,0.11212361,-0.07670847,-0.13545088,-0.051889475,0.0155117335,0.09810051,-0.052807827,0.14124864,-0.092888504,0.18562526,0.02433413,-0.19192086,-0.07509595,-0.123043835,0.09715732,-0.035135094,0.0005324011,-0.1202659,0.04809494,0.115568735,0.034540474,-0.026373774,-0.009215591,-0.0018259473,-0.019450692,0.10139171,-0.06367919,-0.0960032,-0.024123007,-0.04618782,0.009060662,0.15970834,0.10098501,0.09171823,0.08553728,0.06455947,-0.07774388,0.08103461,0.05230562,-0.077050604,0.0048620827,-0.035597503,-0.11223253,0.060652766,-0.091521226,-0.060891792,-0.06183973,-0.07172998,0.13209923,0.18254054,-0.09344763,-0.07149032,0.026578853,-0.009969049,-0.0027013458,0.11331632,0.06126563,-0.05415961,0.025697632,0.024625653,0.0918926,-0.02758877,-0.10342407,0.054327395,-0.06608331,-0.11105788,-0.28865525,-0.016682921,0.0019199103,0.13668406,-0.36920068,-0.040139884,-0.059296474,0.13347496,0.004752569,-0.029532423,-0.12733895,-0.056539595,-0.035944346,-0.014680398,-0.049411904,-0.106918216,-0.0004066626,0.12792894,0.101033024,0.12297622,0.095968656,-0.11705097,0.13689835,0.11238115,-0.042964663,-0.14135796,-0.041383028,-0.13614942,-0.21782768,-0.03655973,-0.0132331215,-0.05071333,-0.04396994,-0.022994772,0.02134061,-0.08773115,-0.035608362,0.015020147,0.17420977,-0.00085494044,0.027071452,0.12833159,-0.057820927,-0.26498315,-0.12416188,0.0032710396,-0.0054020486,-0.25768045,-0.034288168,0.0787225,-0.11198342,0.098614074,0.08768663,-0.011916199,-0.070602,-0.03820324,0.12874,0.034136824,0.056212664,-0.042649288,-0.12966228
F,-0.21059088,-0.0037015975,-0.15615235,-0.11971012,0.05566552,-0.08957229,0.028123533,-0.041468006,-0.0017385421,-0.006722553,0.038546335,-0.027614987,-0.008498463,0.029590106,-0.02855398,-0.0354727,0.13578917,-0.09814221,-0.06452843,0.015319958,-0.014562752,-0.07113785,-0.108225435,-0.052859813,-0.16330887,-0.18602057,-0.053996693,-0.02563589,0.04408594,-0.024239471,-0.23613816,-0.057804763,-0.11691201,-0.24338605,-0.08072478,-0.09833593,-0.19089206,-0.3055031,-0.09202695,0.01627505,0.035588674,-0.035401795,-0.050546836,-0.01634969,-0.033164952,-0.4359664,0.002497454,-0.065119065,-0.08843035,-0.2783176,0.078856,-0.15652166,-0.17455496,-0.30316484,-0.23452055,-0.38204694,-0.092668064,-0.21541929,-0.22543673,-0.08877924,-0.19270651,-0.45356607,-0.34797874,-0.2862166,-0.31674558,-0.13603376,-0.077699475,-0.087961994,-0.030645275,-0.061192174,-0.13760114,-0.24001916,-0.28341797,0.028170668,-0.053151358,-0.18645073,-0.15418136,0.11546773,-0.38001692,-0.15412492,-0.004255503,0.099582516,-0.023958338,-0.0773845,-0.06317411,-0.059955627,-0.061837703,-0.09489062,-0.044459,-0.0849061,0.0049263947,-0.13099433,0.036737923,-0.070285894,-0.17441143,-0.104147635,0.0028297442,-0.018557306,-0.119009934,0.08206061,-0.15633808,0.16000287,0.007408656,-0.27065027,-0.124583215,-0.1194641,0.06826397,-0.03677441,-0.16120987,-0.13615544,0.02406159,0.015648646,-0.13311125,-0.084632345,-0.062882334,-0.039615624,-0.08210125,0.054828223,-0.11662836,-0.110660724,0.04988155,-0.01892274,0.010422456,0.06360247,0.08780519,-0.023373224,0.095019795,0.033978954,-0.19987994,-0.0179917,0.013503765,-0.23060572,-0.034951776,-0.15246637,-0.06803096,0.05566786,-0.10397362,-0.08405664,-0.028191796,-0.1343837,0.11034221,0.1282854,-0.118376024,-0.09799036,0.018115783,-0.08973419,-0.1352586,0.019229658,-0.026223252,-0.077963285,-0.023105687,-0.025096647,0.03985096,-0.13363701,-0.18127479,-0.030046275,-0.08745865,-0.18014516,-0.36033905,-0.20002437,-0.06441821,0.08932588,-0.40327442,-0.09057676,-0.010174797,0.057380617,-0.022516603,-0.14453246,-0.1725486,-0.12951747,-0.051810157,-0.13854073,-0.17027806,-0.27733368,-0.14519078,0.04958959,0.015078676,0.041295126,0.081182845,-0.26208356,-0.01901825,0.01358923,-0.10181848,-0.183621,-0.06657366,-0.20397152,-0.26896942,-0.167886,-0.08837768,-0.11437326,-0.14083925,-0.06859693,-0.053071145,-0.16119336,-0.053940732,-0.0033740364,0.12982455,-0.056622636,-0.12515785,0.067929454,-0.11412526,-0.32706827,-0.18299198,-0.05766092,-0.077736564,-0.3171104,-0.10849786,-0.008072248,-0.18321137,0.05838741,0.08814091,-0.11005765,-0.15638228,-0.14182422,0.018178768,-0.044858757,0.031002028,-0.09998422,-0.11064735
P,-0.22745253,0.09315001,-0.07220907,0.051638324,0.011745821,-0.034033224,-0.040006533,0.011530526,0.021593044,0.06421868,0.061054815,0.01874068,-0.027883202,0.042175833,0.073330246,0.021440065,0.09125803,-0.026972802,-0.036861192,0.0017026974,0.05097382,0.0038824044,0.012931542,0.14792274,-0.15630603,-0.015490017,0.100183845,-0.16337746,-0.1979233,-0.34086704,-0.3407316,-0.30675915,-0.28708196,-0.503877,-0.35306147,-0.26866338,-0.38074526,-0.38440192,-0.33386552,-0.24334638,-0.4749088,-0.5570279,-0.3222009,-0.27195057,-0.25823763,-0.36460844,-0.30929682,-0.12857148,-0.16113402,-0.44854915,-0.1610707,-0.29828784,-0.14630114,-0.32294798,-0.5365307,-0.37752393,-0.26395598,-0.3834562,-0.59315413,-0.23938406,-0.4058636,-0.4375175,0.2479494,-0.16104096,-0.2484409,-0.24204282,-0.2823523,-0.31490353,-0.26736632,-0.6288932,0.0700195,-0.25409845,-0.46297118,-0.07853886,-0.28895548,-0.48453474,-0.37541917,-0.17937678,-0.4707699,-0.38114905,-0.18845488,-0.23166625,-0.25525704,-0.3060051,-0.41282126,-0.23772092,-0.15140265,-0.4191474,-0.17011972,-0.2718079,-0.24478531,-0.38616583,-0.1547179,-0.030815588,-0.2966577,-0.15169641,-0.077751696,-0.13305362,-0.20243503,-0.013622594,-0.0059265234,-0.07620917,-0.16597198,-0.28370503,-0.3681743,-0.3312687,-0.27801484,-0.39458457,-0.20449449,-0.32810274,-0.26803356,-0.37298536,-0.3110209,-0.2037803,-0.21272041,-0.24565715,-0.33363512,-0.10377395,-0.048173774,-0.08515134,-0.17251337,-0.12287578,0.0052513056,-0.11308321,0.12653159,-0.009836148,-0.20054781,-0.20052432,-0.113056116,-0.17445926,-0.18936007,-0.19345145,-0.10034246,-0.051665407,-0.17165959,0.056613874,-0.105389304,-0.25968358,-0.19132747,-0.27867088,-0.030248001,-0.035953578,-0.34437415,-0.31999728,-0.20220698,-0.16529782,-0.1854341,-0.2727989,-0.09103798,-0.19569963,-0.16524105,-0.31306612,-0.21314806,-0.15085864,-0.31242618,-0.3108334,-0.33918405,-0.2462482,-0.46643975,-0.2454058,-0.2653515,-0.32190946,-0.40799025,-0.28506395,-0.36628816,-0.10832536,-0.09641508,-0.16136633,-0.109140396,-0.12616225,0.013213124,-0.20653738,-0.24771596,-0.1664798,-0.10323527,-0.22759958,-0.23831755,-0.26382855,-0.2303909,-0.32638875,-0.15677422,-0.16681163,-0.10639279,-0.34547928,-0.35387126,-0.23629731,-0.1285007,-0.22952752,-0.2734029,-0.31350598,-0.19216305,-0.18015534,-0.09136691,-0.14008604,-0.1905424,-0.07039526,-0.10653017,-0.35353768,-0.10692909,-0.09510088,-0.26085532,-0.41844955,-0.20518033,-0.1755004,-0.43339387,-0.47509548,-0.20916085,-0.2163652,-0.49731055,-0.26886892,-0.20980841,-0.19880962,-0.34450865,-0.26476118,0.06837616,0.021075835,-0.1727972,-0.1278074,-0.14595114
S,-0.16130061,0.16602142,0.046425417,0.13133708,0.11844188,0.062317654,0.055098236,0.06324214,0.08768525,0.1250446,0.13278233,0.12634358,0.06107803,0.14714275,0.18013586,0.10209346,0.18102719,-0.04001522,0.012535423,0.078458406,0.105527855,0.12165746,0.0069976426,0.091911875,-0.014848665,0.11907708,0.085807435,-0.043815058,0.051688332,-0.00041565052,-0.24397098,-0.06591652,0.008300923,-0.41365778,-0.26332828,-0.032817118,-0.1366408,-0.106987834,-0.120782875,-0.03017588,-0.28463063,-0.42147973,-0.06058513,0.032632228,0.00240012,-0.28139216,-0.22554533,0.074200295,0.103008665,-0.3221051,0.097747646,-0.26162258,0.06819779,-0.08773755,-0.50521576,-0.15102157,0.1615775,-0.11370053,-0.36432382,0.06513265,-0.24075885,-0.17453514,0.011183392,-0.016710078,-0.19847536,-0.1584357,-0.16416357,-0.016255504,-0.053661454,-0.50890756,0.14689662,0.07078732,-0.41016304,0.12443808,0.017888563,-0.50509065,-0.18710877,0.11919164,-0.2584655,-0.27841523,-0.04710163,0.05075933,-0.030230924,-0.090941876,-0.31054756,-0.033409867,0.014270191,-0.26615143,-0.013852905,0.004009793,0.087338544,-0.27390707,0.112687856,0.10658262,-0.1827368,-0.006293273,0.044740412,0.20048726,-0.04832062,0.08386883,-0.12360252,0.1032117,-0.015872512,-0.15928379,-0.3166864,-0.1888169,0.031765956,-0.34013462,-0.08927228,-0.17664051,0.11015856,-0.22695176,-0.16118892,-0.048461854,-0.026914572,-0.04302913,-0.06833578,0.125455,0.038716517,-0.022087812,-0.11174235,-0.015989982,0.10768709,-0.0394492,0.22918527,0.08435753,-0.0031239775,-0.09685013,-0.0478279,-0.080462046,-0.15869759,-0.1497917,0.09674886,0.02151251,-0.061522704,0.15768668,0.038369957,-0.13721873,-0.020698125,-0.13633513,0.16328727,0.22935532,-0.23401171,-0.3181033,-0.09584009,0.16159235,-0.065365314,-0.21176468,0.03096935,-0.02455602,-0.026863614,-0.32462892,0.04136552,-0.01831236,-0.1863038,-0.15366128,-0.039215814,-0.03741203,-0.3324437,-0.040456593,0.024659475,0.008325742,-0.2244296,-0.053997383,-0.28674412,0.034931067,-0.015093406,0.029402047,-0.044077385,-0.15231818,0.03474173,-0.08002615,-0.17100577,-0.0525392,-0.0033412415,0.105505385,-0.10273387,-0.15125605,0.008365483,-0.09442855,-0.01473545,0.017718919,0.14456731,-0.20909806,-0.3275477,-0.110783525,-0.23651266,-0.10679785,-0.22929518,-0.2718514,-0.07508891,0.010683042,0.051920965,-0.00030174726,-0.11423016,0.0370713,0.15471351,-0.31308207,-0.022748703,0.16048251,-0.012904319,-0.3815459,-0.044703964,0.029049167,-0.38088712,-0.34705234,0.01604729,-0.04014233,-0.30974776,0.12085477,0.08954073,-0.10014074,-0.26183102,-0.013936582,0.23245214,0.08879539,0.026750438,-0.005323319,-0.060878042
T,-0.15728056,0.09019315,0.034019303,0.15108858,0.12604849,0.011648319,0.043900248,0.051826715,0.054263335,0.04948141,0.08390317,0.07352084,0.046037067,0.0844272,0.087159425,0.057542622,0.14406697,-0.06745447,0.01723221,0.048863668,0.0268908,0.031388044,0.022525871,-0.10367081,-0.13813092,-0.0046088398,-0.049712162,-0.10128423,-0.014765784,0.046950173,-0.2656544,-0.10464958,-0.06764412,-0.3207689,-0.20343757,-0.059834763,-0.05872509,-0.12554586,-0.14525534,-0.03823987,-0.25688168,-0.38271537,-0.113374524,0.024871737,-0.043339174,-0.349739,-0.1920659,-0.0004662834,-0.013353854,-0.17533697,0.012676827,-0.14964978,-0.049520817,-0.18135095,-0.3442745,-0.20415501,0.052458033,-0.16247669,-0.3804195,-0.04548517,-0.18819107,-0.33775926,-0.080169,-0.09265996,-0.3108038,-0.13575841,-0.19181515,-0.057690423,-0.12757432,-0.47175753,-0.021971382,-0.106657416,-0.36889935,-0.023378694,-0.10813687,-0.38103008,-0.24647993,0.06197534,-0.26327193,-0.1758905,-0.02571833,0.008694938,-0.090328656,-0.13483565,-0.36323598,-0.078823015,0.004287248,-0.31359127,-0.051039413,-0.066763975,-0.021646306,-0.29543605,0.050141472,0.039140355,-0.25069,-0.0732238,-0.07927219,0.059546452,-0.117016226,-0.06811741,-0.1298504,0.07637652,-0.036015674,-0.18297523,-0.30207637,-0.19607832,-0.029730225,-0.279446,-0.04414788,-0.18307447,-0.0076730903,-0.16640589,-0.15918374,-0.0768334,-0.09712764,-0.09792269,-0.15576784,0.06649076,-0.007866695,-0.030083405,-0.09300602,0.0077360203,0.06787059,0.036547814,0.15546766,0.10780937,0.03440759,-0.055954024,-0.0433165,0.0049701408,-0.113049805,-0.11684773,0.14877674,0.032238156,-0.048583705,0.121574454,-0.015284017,-0.22595811,-0.06820345,-0.1515339,0.029413631,0.13751613,-0.26118863,-0.28123236,-0.14396705,0.054317426,-0.06468159,-0.1165934,0.027146965,-0.0605671,-0.06285458,-0.20748784,0.030311083,-0.10139046,-0.11587555,-0.08499935,-0.07710508,-0.11285922,-0.32692233,0.0016286162,-0.036011543,-0.0066989237,-0.29912868,-0.07100126,-0.24587154,0.028715828,-0.037970517,0.08582941,-0.1126383,-0.10947466,-0.05696109,-0.05693968,-0.10642622,-0.050123464,-0.14914463,0.12625526,-0.033868685,-0.107428245,-0.016314484,-0.10011878,-0.001954116,0.08184614,0.0062403544,-0.1657819,-0.2483416,-0.17683561,-0.2592447,-0.062112674,-0.18078412,-0.20744295,-0.12168467,-0.0526499,-0.030545443,-0.06975024,-0.22580864,-0.026827186,0.06563246,-0.30181023,-0.046551853,0.1485122,-0.097379,-0.30295196,-0.11676847,0.035019156,-0.28225076,-0.29354468,-0.013157216,-0.035376903,-0.29520845,0.045964595,0.026083825,-0.12291169,-0.22136194,-0.08142119,0.09833002,-0.0013724541,-0.04599158,-0.07763822,-0.06806866
W,-0.20201953,-0.04937436,-0.21344966,-0.11618507,0.0069174715,-0.10226109,-0.041366287,-0.052734178,-0.02667362,-0.06733412,-0.0021906148,-0.025986603,-0.012733225,-0.026018985,-0.033489745,-0.0479736,0.06597543,-0.14585252,-0.069306485,-0.013324109,-0.07734246,-0.123049736,-0.10424786,-0.16014796,-0.21738218,-0.18188602,-0.11743673,-0.07402445,-0.03780217,-0.11791575,-0.28998312,-0.15759082,-0.1512038,-0.39318308,-0.21084166,-0.11499386,-0.26835185,-0.36914012,-0.15631942,-0.0027249355,-0.060757637,-0.23916213,-0.12605469,-0.028708952,-0.05793844,-0.43613026,-0.12632419,-0.06924688,-0.14018314,-0.40650478,-0.013063987,-0.28708255,-0.26239085,-0.2887784,-0.38510942,-0.3887732,-0.1393044,-0.22894363,-0.34273198,-0.1005381,-0.24249725,-0.46837568,-0.38486874,-0.38026962,-0.3573104,-0.29491073,-0.29096672,-0.11674601,-0.058914382,-0.24986868,-0.12914401,-0.21584775,-0.25180563,-0.045094218,-0.13488717,-0.36700866,-0.28884256,0.08919322,-0.3508743,-0.2069271,-0.085828036,0.017677946,-0.014879593,-0.094898336,-0.22545715,-0.1035888,-0.04798308,-0.2526111,-0.08385128,-0.109921195,-0.020573078,-0.24506593,0.013918505,-0.06842679,-0.27759597,-0.11142067,-0.09393873,0.002360801,-0.12564518,-0.019604882,-0.17425443,0.09572327,-0.025443485,-0.31537092,-0.27716628,-0.17684735,0.041729454,-0.14487666,-0.2018589,-0.18407702,-0.011553399,-0.030669084,-0.20497267,-0.0844141,-0.11866482,-0.073424,-0.11097322,-0.006543526,-0.09013002,-0.12993811,-0.011936858,-0.08629215,0.02513889,0.058355868,0.07696382,-0.016637804,0.055736404,0.008903327,-0.16999727,-0.04040722,-0.0057398775,-0.22226886,-0.018202327,-0.11839541,-0.100236356,0.05314088,-0.082281835,-0.15031964,-0.1052652,-0.19079049,0.04320292,0.09587613,-0.16757977,-0.1626376,-0.09173291,-0.07953066,-0.14080171,-0.036270592,-0.039499987,-0.11905798,-0.0473893,-0.13246842,0.009031412,-0.123467065,-0.24156787,-0.12400317,-0.13426061,-0.17478539,-0.3994302,-0.2149138,-0.082833916,0.031401396,-0.42240953,-0.15444921,-0.13116704,0.031992823,-0.10518578,-0.1452743,-0.18190245,-0.20927441,-0.10012036,-0.18120484,-0.25117633,-0.2904072,-0.17720337,0.0013018573,-0.03844012,-0.050021928,0.048472773,-0.28491482,-0.0671668,-0.00474372,-0.15419374,-0.26576865,-0.18757944,-0.20450689,-0.28924015,-0.17671101,-0.16407101,-0.22674115,-0.164754,-0.09584602,-0.06415399,-0.14518939,-0.17909123,-0.051840726,0.089136064,-0.14510834,-0.11367681,0.029090485,-0.1326137,-0.42387804,-0.16580854,-0.11036519,-0.19284648,-0.37510192,-0.098502666,-0.08884088,-0.29963097,0.019785507,0.052671503,-0.13437177,-0.26514408,-0.20882033,-0.034952585,-0.05515291,-0.004688263,-0.122215725,-0.16701134
Y,-0.15309958,0.06950606,-0.08273024,-0.04167996,0.04555155,-0.04221064,0.044792682,-0.016991308,0.024934227,0.06750297,0.106378734,0.015647894,0.0029663567,0.08227903,0.022899806,0.011097357,0.13876072,-0.07241389,-0.024041092,0.062414635,0.05376186,0.0034464449,-0.05966586,0.09153529,-0.19416295,-0.18552704,-0.0154912025,-0.050378814,-0.017688207,-0.0420434,-0.23999518,-0.12723206,-0.11776092,-0.34480825,-0.20317268,-0.07506523,-0.20559086,-0.34435463,-0.17359297,-0.020879455,-0.076016046,-0.20577271,-0.14626196,-0.0163308,-0.028372705,-0.39804187,-0.036957826,-0.032345477,-0.04424165,-0.3757561,0.03471582,-0.26107585,-0.12821509,-0.27791068,-0.38280916,-0.3228681,-0.08521193,-0.18498795,-0.3338903,-0.080439255,-0.21090901,-0.43736586,-0.18873411,-0.27473316,-0.24803336,-0.25364897,-0.10507509,-0.01608805,0.070476346,-0.1880814,-0.049973067,-0.21685474,-0.22875227,-0.018389653,-0.069713496,-0.37381938,-0.22677493,0.038348686,-0.30491564,-0.21148145,-0.040291235,0.026145399,-0.012353677,-0.15143666,-0.21155411,-0.03529789,-0.074274436,-0.24762116,-0.08308789,-0.0715354,-0.026167532,-0.27876648,-0.008003294,-0.057821464,-0.285074,-0.084243834,-0.0044219964,-0.05094999,-0.08619732,0.022940412,-0.13974571,0.07193404,-0.0037778344,-0.27265176,-0.28429317,-0.16231616,0.037856463,-0.13524534,-0.22263251,-0.17488869,-0.04440662,-0.13889454,-0.22955054,-0.068191566,-0.099133424,-0.034071043,-0.1126386,0.04220621,-0.10913358,-0.03315435,0.0086364485,-0.03917497,0.09720719,-0.024403945,0.1650082,-0.024130976,0.0018908704,-0.0049178367,-0.10148562,-0.06685745,-0.02993893,-0.17971642,-0.008573081,-0.054538846,-0.031630177,0.11012592,-0.05226535,-0.15373048,-0.029248789,-0.18033063,0.10507243,0.09354959,-0.043454796,-0.059463177,0.01770488,-0.07643265,-0.1437716,-0.087615766,-0.000500643,-0.057125866,-0.07743663,-0.16286336,0.013528337,-0.14751512,-0.24287327,-0.1894679,-0.12811404,-0.16528343,-0.38823387,-0.20127161,-0.049603313,0.035181534,-0.37571737,-0.09119732,-0.031983983,0.030253813,-0.056272138,-0.09047849,-0.113005936,-0.17507575,-0.030619979,-0.15691812,-0.22907902,-0.2364705,-0.16019224,0.013500504,-0.046216745,-0.10850376,0.074957885,-0.24637432,-0.111551054,-0.055952344,-0.09201107,-0.20670347,-0.19021851,-0.1077573,-0.2504094,-0.15327592,-0.14612126,-0.22642362,-0.13020204,-0.04786144,-0.07092747,-0.12537135,-0.14520502,0.047717605,0.09050692,-0.16550688,-0.09295317,0.041643262,-0.082309425,-0.35843873,-0.115467645,-0.055049,-0.2246538,-0.35769793,-0.07766212,-0.097762786,-0.3430511,-0.015581879,0.09866559,-0.073432826,-0.2881787,-0.23323911,0.07747715,-0.019733349,0.031148275,-0.1226042,-0.092637084
V,-0.1135371,0.01214841,-0.107746415,0.03307143,0.13464557,-0.043334663,0.012231727,0.10853445,0.03984213,-0.035647046,0.004486563,0.03241917,0.0696826,0.014776348,0.04391879,0.023350082,0.14485757,-0.11201144,0.09281201,0.015594683,-0.0338183,-0.09543722,0.018836306,-0.09105268,-0.07113462,-0.03404068,-0.008656387,-0.0233764,0.043979615,-0.066327855,-0.20886414,-0.09150981,-0.054866657,-0.07859867,-0.011859945,-0.084279954,-0.00034621326,-0.10232883,-0.049066585,0.012479787,-0.11728788,-0.20611389,-0.044042125,0.01884771,-0.02969238,-0.39165345,-0.104190074,0.008349589,-0.06548782,0.04428731,0.014257096,0.07726203,-0.11287522,-0.20416988,-0.06564651,-0.22759235,-0.016454043,-0.15187564,-0.29446426,-0.04546057,-0.0855635,-0.36945263,-0.105715714,-0.1190361,-0.2683559,0.12140121,-0.1701078,-0.11270229,-0.14099103,-0.3042809,-0.024947122,-0.14940731,-0.4338183,0.02435849,-0.045144487,-0.08959636,-0.07566774,0.11134625,-0.19779466,0.06029884,0.10264609,0.030451084,-0.09779773,0.027934423,-0.22195588,-0.12422103,0.15418525,-0.20109178,0.012915119,-0.08648094,0.046550874,-0.091168456,0.0466592,-0.028491719,-0.14403406,-0.08354517,-0.097931616,0.08133319,-0.119351305,0.01596433,-0.07669856,0.1656934,-0.019292494,-0.16048612,-0.0970423,-0.15582415,0.035996918,-0.05425155,0.09878873,-0.13323121,0.033107553,0.08022142,-0.0071565597,-0.06130606,-0.021084165,-0.08559797,-0.15015857,0.08935112,-0.009216151,-0.11748543,-0.057488237,-0.024825176,-0.02469113,0.21925724,0.08281219,0.23640728,0.086547196,0.06050386,-0.09323276,0.16803186,0.016888246,-0.09908154,0.048186112,0.029215699,-0.17810805,0.0692879,-0.08451625,-0.20366399,-0.11886134,-0.061241355,0.049873102,0.14495184,-0.1902653,-0.10092107,-0.13464557,0.00032513464,0.09265864,0.12658164,0.046648044,-0.12440702,-0.004363679,0.029228041,0.042827625,-0.050697725,0.0008743902,0.09779032,-0.07535083,-0.11678126,-0.2524498,0.13913241,-0.050462604,0.03449402,-0.36930016,-0.0028097692,-0.09109778,0.1283899,0.002840627,0.006020238,-0.14300676,0.043588072,-0.06898492,0.11226689,0.030699082,-0.022853045,-0.078017555,0.090359546,0.19418372,0.12656261,-0.0024582297,-0.04147437,0.1713693,0.12656136,0.0062880055,-0.018864406,-0.029672474,-0.20884544,-0.25485995,0.07939272,0.021174602,0.006198764,-0.067891784,-0.09193164,0.021626847,-0.117821425,-0.12931313,-0.06553076,0.09677413,-0.047644272,0.024290988,0.106859416,-0.08283795,-0.24415945,-0.20129615,0.0427278,-0.013517785,-0.19617552,-0.06836944,0.103130706,-0.08103422,0.032166418,-0.0035263784,-0.07185752,-0.028949836,-0.017772947,0.10084868,-0.021259611,-0.019798057,-0.05534176,-0.15261957
