name,expression
"D32E,S56R,I79V,C92R,I123T,T181S",21.39299201965332
"D32E,S56R,N59K,I79V,C92R,T181S",20.87093162536621
"D32E,S56R,N59K,I79V,C92R,I123T",20.775325775146484
"D32E,S56R,I79V,C92R,H106Y,T181S",20.524131774902344
"D32E,S56R,I79V,C92R,H106Y,I123T",20.403337478637695
"D32E,S56R,I79V,C92R,I123K,T181S",20.380373001098633
"D32E,S56R,N59K,I79V,C92R,H106Y",19.94599151611328
"D32E,S56R,I79V,C92R,R124W,T181S",19.93459129333496
"D32E,S56R,N59K,I79V,I123T,T181S",19.885454177856445
"D32E,S56R,N59K,I79V,C92R,I123K",19.69521141052246
"D32E,S56R,I79V,H106Y,I123T,T181S",19.558635711669922
"D32E,S56R,I79V,C92R,H106Y,I123K",19.29833984375
"D32E,S56R,N59K,I79V,C92R,R124W",19.196128845214844
"D32E,S56R,N59K,C92R,I123T,T181S",19.13919448852539
"D32E,S56R,I79V,C92R,I123T,R124W",19.139013290405273
"D32E,S56R,N59K,I79V,H106Y,T181S",18.996971130371094
"D32E,S56R,N59K,I79V,I123K,T181S",18.93888282775879
"D32E,S56R,N59K,I79V,H106Y,I123T",18.91472816467285
"D32E,S56R,I79V,C92R,M112L,T181S",18.90119743347168
"D32E,S56R,I79V,C92R,H106Y,R124W",18.895864486694336
"D32E,E43V,S56R,I79V,C92R,T181S",18.845596313476562
"D32E,E43V,S56R,I79V,C92R,I123T",18.695724487304688
"D32E,S56R,C92R,H106Y,I123T,T181S",18.615955352783203
"D32E,S56R,I79V,C92R,M112L,I123T",18.613529205322266
"D32E,S56R,I79V,H106Y,I123K,T181S",18.59468650817871
"D32E,S56R,N59K,I79V,R124W,T181S",18.36492347717285
"D32E,S56R,I79V,I123T,R124W,T181S",18.31489372253418
"D32E,E43V,S56R,N59K,I79V,C92R",18.269041061401367
"D32E,S56R,N59K,I79V,C92R,M112L",18.21345329284668
"D32E,S56R,N59K,C92R,I123K,T181S",18.208511352539062
"D32E,S56R,N59K,C92R,H106Y,T181S",18.18243408203125
"D32E,S56R,I79V,H106Y,R124W,T181S",18.143983840942383
"D32E,S56R,I79V,C92R,I123K,R124W",18.1347713470459
"D32E,S56R,N59K,C92R,H106Y,I123T",18.028945922851562
"D32E,S56R,I79V,C92R,H106Y,M112L",17.89475440979004
"D32E,S56R,N59K,I79V,H106Y,I123K",17.88228988647461
"D32E,E43V,S56R,I79V,I123T,T181S",17.843626022338867
"D32E,E43V,S56R,I79V,C92R,H106Y",17.834829330444336
"D32E,S56R,N59K,C92R,R124W,T181S",17.771053314208984
"D32E,S56R,I79V,M112L,I123T,T181S",17.752241134643555
"D32E,S56R,C92R,H106Y,I123K,T181S",17.688962936401367
"D32E,E43V,S56R,I79V,C92R,I123K",17.617263793945312
"D32E,S56R,C92R,I123T,R124W,T181S",17.580005645751953
"D32E,S56R,N59K,I79V,I123T,R124W",17.550155639648438
"D32E,S56R,I79V,C92R,M112L,I123K",17.48232078552246
"D32E,S56R,I79V,I123K,R124W,T181S",17.434951782226562
"D32E,S56R,N59K,I79V,H106Y,R124W",17.41781997680664
"D32E,E43V,S56R,N59K,I79V,T181S",17.39991569519043
"D32E,S56R,N59K,I79V,M112L,T181S",17.329204559326172
"D32E,S56R,I79V,H106Y,I123T,R124W",17.298002243041992
"D32E,S56R,I79V,C92Y,I123T,T181S",17.292037963867188
"D32E,S56R,C92R,H106Y,R124W,T181S",17.290321350097656
"D32E,S56R,N59K,H106Y,I123T,T181S",17.27138900756836
"D32E,E43V,S56R,N59K,I79V,I123T",17.251874923706055
"D32E,S56R,I79V,C92R,M112L,R124W",17.195209503173828
"D32E,E43V,S56R,I79V,C92R,R124W",17.107097625732422
"D32E,E43V,S56R,C92R,I123T,T181S",17.08588981628418
"D32E,S56R,I79V,H106Y,M112L,T181S",17.07609748840332
"D32E,S56R,N59K,I79V,M112L,I123T",17.059398651123047
"D32E,S56R,N59K,C92R,I123T,R124W",17.029865264892578
"D32E,S56R,N59K,C92R,H106Y,I123K",17.019817352294922
"D32E,E43V,S56R,I79V,H106Y,T181S",16.991098403930664
"D32E,S56R,C92R,M112L,I123T,T181S",16.97945785522461
"S56R,N59K,I79V,C92R,I123T,T181S",16.899019241333008
"D32E,E43V,S56R,I79V,I123K,T181S",16.897058486938477
"D32E,E43V,S56R,N59K,C92R,T181S",16.860776901245117
"D32E,S56R,I79V,H106Y,M112L,I123T",16.855932235717773
"D32E,E43V,S56R,I79V,H106Y,I123T",16.839508056640625
"D32E,S56R,I79V,M112L,I123K,T181S",16.75581169128418
"D32E,S56R,N59K,C92R,M112L,T181S",16.737022399902344
"D32E,S56R,N59K,I79V,C92Y,T181S",16.700759887695312
"D32E,S56R,N59K,I79V,I123K,R124W",16.643051147460938
"D32E,S56R,N59K,C92R,H106Y,R124W",16.639867782592773
"D32E,E43V,S56R,N59K,C92R,I123T",16.637250900268555
"D32E,S56R,N59K,I79V,C92Y,I123T",16.61486053466797
"D32E,S56R,C92R,I123K,R124W,T181S",16.5966796875
"S56R,I79V,C92R,H106Y,I123T,T181S",16.5159969329834
"D32E,S56R,C92R,H106Y,I123T,R124W",16.435243606567383
"D32E,S56R,N59K,C92R,M112L,I123T",16.43120765686035
"D32E,S56R,N59K,I79V,H106Y,M112L",16.42926788330078
"D32E,E43V,S56R,N59K,I79V,H106Y",16.411502838134766
"D32E,S56R,N59K,H106Y,I123K,T181S",16.408315658569336
"D32E,S56R,I79V,M112L,R124W,T181S",16.40828514099121
"D32E,S56R,I79V,C92Y,H106Y,T181S",16.398807525634766
"D32E,E43V,S56R,I79V,R124W,T181S",16.39582061767578
"D32E,S56R,I79V,C92Y,I123K,T181S",16.339792251586914
"D32E,S56R,I79V,H106Y,I123K,R124W",16.336122512817383
"D32E,S56R,I79V,C92Y,H106Y,I123T",16.28333282470703
"D32E,E43V,S56R,N59K,I79V,I123K",16.25045394897461
"D32E,S56R,C92R,H106Y,M112L,T181S",16.218673706054688
"D32E,E43V,S56R,I79V,C92R,M112L",16.206249237060547
"D32E,E43V,S56R,C92R,H106Y,T181S",16.15619468688965
"D32E,E43V,S56R,C92R,I123K,T181S",16.135597229003906
"D32E,S56R,N59K,C92R,I123K,R124W",16.06439781188965
"S56R,N59K,I79V,C92R,H106Y,T181S",16.032005310058594
"D32E,S56R,N59K,I123T,R124W,T181S",16.029571533203125
"D32E,S56R,C92R,M112L,I123K,T181S",16.003450393676758
"D32E,S56R,C92R,H106Y,M112L,I123T",15.989089012145996
"D32E,S56R,N59K,I79V,M112L,I123K",15.986384391784668
"D32E,E43V,S56R,C92R,H106Y,I123T",15.978066444396973
"S56R,N59K,I79V,C92R,H106Y,I123T",15.962418556213379
"S56R,N59K,I79V,C92R,I123K,T181S",15.920948028564453
"D32E,S56R,N59K,H106Y,R124W,T181S",15.91788101196289
"D32E,S56R,I79V,C92Y,R124W,T181S",15.902531623840332
"D32E,E43V,S56R,I79V,H106Y,I123K",15.827032089233398
"D32E,E43V,S56R,N59K,I123T,T181S",15.815366744995117
"D32E,S56R,I79V,H106Y,M112L,I123K",15.768390655517578
"D32E,S56R,N59K,I79V,C92Y,H106Y",15.76810359954834
"D32E,E43V,S56R,N59K,C92R,H106Y",15.752025604248047
"D32E,S56R,H106Y,I123T,R124W,T181S",15.714029312133789
"D32E,S56R,N59K,C92R,H106Y,M112L",15.710206031799316
"D32E,S56R,C92R,M112L,R124W,T181S",15.70844841003418
"D32E,E43V,S56R,C92R,R124W,T181S",15.677018165588379
"D32E,E43V,S56R,N59K,I79V,R124W",15.648938179016113
"D32E,S56R,N59K,I79V,M112L,R124W",15.645870208740234
"D32E,E43V,S56R,N59K,C92R,I123K",15.642553329467773
"D32E,S56R,N59K,I79V,C92Y,I123K",15.587160110473633
"D32E,S56R,N59K,M112L,I123T,T181S",15.543182373046875
"D32E,E43V,S56R,I79V,I123T,R124W",15.529464721679688
"S56R,I79V,C92R,H106Y,I123K,T181S",15.520293235778809
"S56R,N59K,I79V,C92R,R124W,T181S",15.518813133239746
"D32E,S56R,I79V,H106Y,M112L,R124W",15.419010162353516
"D32E,S56R,I79V,M112L,I123T,R124W",15.413594245910645
"D32E,E43V,S56R,I79V,M112L,T181S",15.410414695739746
"D32E,S56R,N59K,C92R,M112L,I123K",15.37090015411377
"D32E,N59K,I79V,C92R,I123T,T181S",15.370393753051758
"D32E,E43V,S56R,I79V,H106Y,R124W",15.357491493225098
"S56R,I79V,C92R,I123T,R124W,T181S",15.355033874511719
"D32E,S56R,C92R,H106Y,I123K,R124W",15.3532075881958
"D32E,I79V,C92R,H106Y,I123T,T181S",15.276100158691406
"D32E,S56R,I79V,C92Y,H106Y,I123K",15.23828125
"D32E,S56R,N59K,I123K,R124W,T181S",15.22472095489502
"S56R,I79V,C92R,H106Y,R124W,T181S",15.188868522644043
"D32E,S56R,N59K,H106Y,I123T,R124W",15.187944412231445
"D32E,E43V,S56R,H106Y,I123T,T181S",15.175743103027344
"D32E,S56R,H106Y,M112L,I123T,T181S",15.13169002532959
"D32E,E43V,S56R,I79V,M112L,I123T",15.112674713134766
"D32E,S56R,I79V,C92Y,I123T,R124W",15.110628128051758
"D32E,E43V,S56R,N59K,C92R,R124W",15.108016014099121
"D32E,S56R,N59K,I79V,C92Y,R124W",15.095995903015137
"D32E,S56R,N59K,C92R,M112L,R124W",15.065852165222168
"S56R,N59K,I79V,H106Y,I123T,T181S",15.042088508605957
"D32E,S56R,N59K,C92Y,I123T,T181S",15.009793281555176
"D32E,E43V,S56R,N59K,H106Y,T181S",14.9807710647583
"D32E,E43V,S56R,C92R,H106Y,I123K",14.960368156433105
"D32E,E43V,S56R,N59K,I123K,T181S",14.956185340881348
"D32E,S56R,C92R,H106Y,M112L,I123K",14.932433128356934
"S56R,N59K,I79V,C92R,H106Y,I123K",14.899398803710938
"D32E,S56R,I79V,C92Y,H106Y,R124W",14.88347339630127
"D32E,S56R,N59K,H106Y,M112L,T181S",14.883003234863281
"D32E,E43V,S56R,N59K,H106Y,I123T",14.863768577575684
"D32E,E43V,S56R,C92R,I123T,R124W",14.853684425354004
"D32E,S56R,I79V,C92Y,M112L,T181S",14.802284240722656
"S56R,N59K,I79V,C92R,I123T,R124W",14.79676628112793
"D32E,S56R,C92R,M112L,I123T,R124W",14.77664566040039
"D32E,E43V,S56R,C92R,M112L,T181S",14.771242141723633
"D32E,S56R,H106Y,I123K,R124W,T181S",14.770740509033203
"E43V,S56R,I79V,C92R,I123T,T181S",14.744646072387695
"S56R,I79V,C92R,M112L,I123T,T181S",14.744060516357422
"D32E,E43V,S56R,N59K,I79V,M112L",14.731868743896484
"D32E,E43V,S56R,I79V,C92Y,T181S",14.703737258911133
"D32E,S56R,N59K,H106Y,M112L,I123T",14.654165267944336
"D32E,S56R,N59K,M112L,I123K,T181S",14.622785568237305
"D32E,E43V,S56R,I79V,C92Y,I123T",14.592365264892578
"D32E,N59K,I79V,C92R,H106Y,T181S",14.58794116973877
"D32E,S56R,C92R,H106Y,M112L,R124W",14.586631774902344
"D32E,S56R,C92Y,H106Y,I123T,T181S",14.54216480255127
"S56R,N59K,I79V,C92R,H106Y,R124W",14.537522315979004
"D32E,S56R,I79V,C92Y,M112L,I123T",14.534053802490234
"D32E,E43V,S56R,C92R,H106Y,R124W",14.470284461975098
"S56R,I79V,C92R,I123K,R124W,T181S",14.469629287719727
"D32E,E43V,S56R,C92R,M112L,I123T",14.433506965637207
"D32E,N59K,I79V,C92R,H106Y,I123T",14.428706169128418
"D32E,E43V,S56R,I79V,H106Y,M112L",14.405298233032227
"D32E,N59K,I79V,C92R,I123K,T181S",14.402112007141113
"S56R,I79V,C92R,H106Y,I123T,R124W",14.393799781799316
"E43V,S56R,N59K,I79V,C92R,T181S",14.382555961608887
"D32E,E43V,S56R,I79V,I123K,R124W",14.379321098327637
"S56R,N59K,I79V,C92R,M112L,T181S",14.370438575744629
"D32E,E43V,S56R,N59K,R124W,T181S",14.359909057617188
"D32E,I79V,C92R,H106Y,I123K,T181S",14.312139511108398
"D32E,E43V,S56R,H106Y,I123K,T181S",14.299070358276367
"D32E,E43V,S56R,N59K,C92R,M112L",14.28082275390625
"D32E,S56R,N59K,H106Y,I123K,R124W",14.25809097290039
"D32E,S56R,I79V,M112L,I123K,R124W",14.25426197052002
"D32E,I79V,C92R,I123T,R124W,T181S",14.241747856140137
"D32E,S56R,N59K,M112L,R124W,T181S",14.238663673400879
"D32E,S56R,H106Y,M112L,I123K,T181S",14.21987533569336
"E43V,S56R,N59K,I79V,C92R,I123T",14.200000762939453
"S56R,N59K,C92R,H106Y,I123T,T181S",14.186342239379883
"D32E,N59K,I79V,C92R,R124W,T181S",14.169570922851562
"D32E,S56R,N59K,C92Y,I123K,T181S",14.148704528808594
"D32E,S56R,N59K,C92Y,H106Y,T181S",14.140859603881836
"S56R,N59K,I79V,H106Y,I123K,T181S",14.121125221252441
"D32E,I79V,C92R,H106Y,R124W,T181S",14.086734771728516
"S56R,N59K,I79V,C92R,M112L,I123T",14.067157745361328
"D32E,S56R,N59K,I79V,C92Y,M112L",14.062933921813965
"D32E,E43V,S56R,I123T,R124W,T181S",14.052778244018555
"D32E,S56R,N59K,C92Y,H106Y,I123T",14.051987648010254
"D32E,E43V,S56R,N59K,I79V,C92Y",14.051854133605957
"D32E,S56R,I79V,C92Y,I123K,R124W",14.042452812194824
"D32E,E43V,S56R,I79V,M112L,I123K",14.028190612792969
"S56R,I79V,C92R,H106Y,M112L,T181S",14.012486457824707
"D32E,S56R,M112L,I123T,R124W,T181S",13.938048362731934
"D32E,E43V,S56R,N59K,H106Y,I123K",13.925337791442871
"E43V,S56R,I79V,C92R,H106Y,T181S",13.900310516357422
"S56R,N59K,I79V,C92R,I123K,R124W",13.876824378967285
"D32E,S56R,H106Y,M112L,R124W,T181S",13.855330467224121
"D32E,E43V,S56R,H106Y,R124W,T181S",13.851282119750977
"S56R,I79V,C92R,H106Y,M112L,I123T",13.798980712890625
"D32E,S56R,I79V,C92Y,H106Y,M112L",13.798908233642578
"S56R,N59K,I79V,I123T,R124W,T181S",13.78369426727295
"E43V,S56R,I79V,C92R,I123K,T181S",13.76272201538086
"E43V,S56R,I79V,C92R,H106Y,I123T",13.762526512145996
"S56R,I79V,C92R,M112L,I123K,T181S",13.718499183654785
"D32E,S56R,C92Y,H106Y,I123K,T181S",13.691449165344238
"D32E,E43V,S56R,C92R,H106Y,M112L",13.685364723205566
"S56R,N59K,I79V,H106Y,R124W,T181S",13.681793212890625
"D32E,E43V,S56R,I79V,C92Y,H106Y",13.678579330444336
"D32E,S56R,N59K,C92Y,R124W,T181S",13.66918659210205
"D32E,S56R,N59K,H106Y,M112L,I123K",13.668953895568848
"D32E,N59K,I79V,H106Y,I123T,T181S",13.6487398147583
"D32E,E43V,S56R,C92R,I123K,R124W",13.642127990722656
"D32E,E43V,S56R,I79V,M112L,R124W",13.63853645324707
"D32E,E43V,S56R,I79V,C92Y,I123K",13.601828575134277
"D32E,S56R,C92R,M112L,I123K,R124W",13.53653621673584
"D32E,S56R,C92Y,I123T,R124W,T181S",13.530536651611328
"S56R,I79V,H106Y,I123T,R124W,T181S",13.523927688598633
"D32E,E43V,S56R,N59K,I123T,R124W",13.500771522521973
"S56R,I79V,C92R,M112L,R124W,T181S",13.487964630126953
"D32E,E43V,S56R,M112L,I123T,T181S",13.478946685791016
"D32E,I79V,C92R,M112L,I123T,T181S",13.47555923461914
"E43V,S56R,N59K,I79V,I123T,T181S",13.464127540588379
"D32E,S56R,I79V,C92Y,M112L,I123K",13.45373249053955
"D32E,E43V,S56R,N59K,M112L,T181S",13.424087524414062
"S56R,N59K,I79V,C92R,H106Y,M112L",13.419975280761719
"E43V,S56R,N59K,I79V,C92R,H106Y",13.409950256347656
"D32E,E43V,S56R,N59K,H106Y,R124W",13.396014213562012
"S56R,I79V,C92R,H106Y,I123K,R124W",13.3883056640625
"D32E,N59K,I79V,C92R,H106Y,I123K",13.382822036743164
"D32E,S56R,N59K,H106Y,M112L,R124W",13.37613582611084
"E43V,S56R,I79V,C92R,R124W,T181S",13.37360668182373
"D32E,E43V,S56R,C92R,M112L,I123K",13.341652870178223
"D32E,E43V,I79V,C92R,I123T,T181S",13.303142547607422
"S56R,N59K,C92R,H106Y,I123K,T181S",13.292153358459473
"D32E,S56R,N59K,M112L,I123T,R124W",13.286852836608887
"D32E,I79V,C92R,H106Y,I123T,R124W",13.286787033081055
"D32E,I79V,C92R,I123K,R124W,T181S",13.285286903381348
"D32E,S56R,C92Y,H106Y,R124W,T181S",13.27198314666748
"S56R,N59K,I79V,M112L,I123T,T181S",13.245209693908691
"D32E,N59K,I79V,C92R,I123T,R124W",13.242203712463379
"S56R,N59K,C92R,I123T,R124W,T181S",13.224264144897461
"D32E,N59K,I79V,C92R,H106Y,R124W",13.212586402893066
"D32E,S56R,I79V,C92Y,M112L,R124W",13.183902740478516
"E43V,S56R,N59K,I79V,C92R,I123K",13.169528007507324
"D32E,S56R,N59K,C92Y,H106Y,I123K",13.126313209533691
"D32E,E43V,S56R,N59K,M112L,I123T",13.118435859680176
"D32E,E43V,S56R,H106Y,I123T,R124W",13.087894439697266
"S56R,N59K,I79V,I123K,R124W,T181S",13.029190063476562
"D32E,E43V,S56R,I79V,C92Y,R124W",13.006268501281738
"D32E,E43V,S56R,C92R,M112L,R124W",12.983721733093262
"D32E,S56R,H106Y,M112L,I123T,R124W",12.970497131347656
"D32E,E43V,S56R,I123K,R124W,T181S",12.968133926391602
"S56R,N59K,I79V,C92R,M112L,I123K",12.962967872619629
"D32E,E43V,S56R,C92Y,I123T,T181S",12.952585220336914
"S56R,I79V,H106Y,M112L,I123T,T181S",12.932806015014648
"E43V,S56R,I79V,H106Y,I123T,T181S",12.929587364196777
"D32E,S56R,C92Y,M112L,I123T,T181S",12.91595458984375
"S56R,N59K,C92R,H106Y,R124W,T181S",12.912016868591309
"D32E,N59K,I79V,C92R,M112L,T181S",12.892210960388184
"D32E,E43V,S56R,H106Y,M112L,T181S",12.889790534973145
"S56R,N59K,I79V,H106Y,I123T,R124W",12.840190887451172
"D32E,E43V,N59K,I79V,C92R,T181S",12.833215713500977
"D32E,S56R,N59K,C92Y,I123T,R124W",12.818317413330078
"E43V,S56R,N59K,C92R,I123T,T181S",12.81661319732666
"D32E,S56R,M112L,I123K,R124W,T181S",12.797327041625977
"D32E,I79V,C92R,H106Y,M112L,T181S",12.771783828735352
"S56R,N59K,I79V,C92Y,I123T,T181S",12.764357566833496
"S56R,C92R,H106Y,I123T,R124W,T181S",12.745677947998047
"E43V,S56R,N59K,I79V,C92R,R124W",12.732792854309082
"D32E,N59K,I79V,H106Y,I123K,T181S",12.723733901977539
"S56R,N59K,I79V,C92R,M112L,R124W",12.721949577331543
"D32E,S56R,N59K,C92Y,H106Y,R124W",12.709158897399902
"E43V,S56R,I79V,C92R,H106Y,I123K",12.706807136535645
"S56R,I79V,C92R,H106Y,M112L,I123K",12.689352989196777
"S56R,I79V,H106Y,I123K,R124W,T181S",12.681658744812012
"D32E,N59K,C92R,H106Y,I123T,T181S",12.671801567077637
"D32E,E43V,S56R,N59K,C92Y,T181S",12.663473129272461
"D32E,E43V,S56R,H106Y,M112L,I123T",12.637203216552734
"D32E,S56R,N59K,C92Y,M112L,T181S",12.613960266113281
"S56R,N59K,C92R,M112L,I123T,T181S",12.580065727233887
"E43V,S56R,N59K,I79V,I123K,T181S",12.563653945922852
"D32E,E43V,N59K,I79V,C92R,I123T",12.558111190795898
"E43V,S56R,N59K,I79V,H106Y,T181S",12.555892944335938
"D32E,N59K,I79V,C92R,M112L,I123T",12.544332504272461
"D32E,S56R,C92Y,H106Y,I123T,R124W",12.540682792663574
"D32E,E43V,I79V,C92R,H106Y,T181S",12.538351058959961
"D32E,E43V,S56R,M112L,I123K,T181S",12.523414611816406
"S56R,N59K,I79V,H106Y,M112L,T181S",12.52332592010498
"D32E,S56R,C92Y,I123K,R124W,T181S",12.510763168334961
"D32E,E43V,S56R,N59K,H106Y,M112L",12.509513854980469
"D32E,I79V,C92R,H106Y,M112L,I123T",12.49759578704834
"E43V,S56R,I79V,C92R,I123T,R124W",12.487222671508789
"D32E,I79V,C92R,M112L,I123K,T181S",12.48044490814209
"S56R,I79V,C92R,M112L,I123T,R124W",12.45817756652832
"D32E,E43V,S56R,N59K,C92Y,I123T",12.44909954071045
"D32E,E43V,S56R,N59K,I123K,R124W",12.446660041809082
"E43V,S56R,N59K,I79V,H106Y,I123T",12.442106246948242
"D32E,I79V,H106Y,I123T,R124W,T181S",12.439480781555176
"D32E,N59K,I79V,H106Y,R124W,T181S",12.430349349975586
"D32E,E43V,I79V,C92R,I123K,T181S",12.418608665466309
"S56R,I79V,C92Y,H106Y,I123T,T181S",12.4151029586792
"D32E,N59K,I79V,I123T,R124W,T181S",12.410776138305664
"S56R,I79V,C92R,H106Y,M112L,R124W",12.410046577453613
"D32E,E43V,I79V,C92R,H106Y,I123T",12.358068466186523
"E43V,S56R,I79V,C92R,M112L,T181S",12.356643676757812
"E43V,S56R,I79V,C92R,H106Y,R124W",12.356256484985352
"S56R,N59K,C92R,I123K,R124W,T181S",12.333256721496582
"D32E,I79V,C92R,M112L,R124W,T181S",12.325087547302246
"D32E,S56R,N59K,C92Y,M112L,I123T",12.320079803466797
"S56R,N59K,I79V,H106Y,M112L,I123T",12.288211822509766
"S56R,N59K,I79V,M112L,I123K,T181S",12.270282745361328
"D32E,I79V,C92R,H106Y,I123K,R124W",12.259747505187988
"D32E,N59K,I79V,C92R,I123K,R124W",12.258941650390625
"D32E,E43V,S56R,M112L,R124W,T181S",12.240012168884277
"D32E,S56R,C92Y,H106Y,M112L,T181S",12.160665512084961
"D32E,S56R,N59K,M112L,I123K,R124W",12.150097846984863
"D32E,E43V,S56R,N59K,M112L,I123K",12.12360668182373
"E43V,S56R,C92R,H106Y,I123T,T181S",12.10501766204834
"D32E,E43V,S56R,I79V,C92Y,M112L",12.101658821105957
"D32E,E43V,I79V,C92R,R124W,T181S",12.101314544677734
"D32E,E43V,S56R,C92Y,I123K,T181S",12.099740982055664
"S56R,N59K,C92R,H106Y,I123T,R124W",12.096822738647461
"S56R,C92R,H106Y,M112L,I123T,T181S",12.080925941467285
"D32E,E43V,S56R,C92Y,H106Y,T181S",12.060192108154297
"E43V,S56R,I79V,H106Y,I123K,T181S",12.022189140319824
"D32E,S56R,C92Y,M112L,I123K,T181S",11.994653701782227
"E43V,S56R,I79V,C92R,M112L,I123T",11.988348960876465
"E43V,S56R,N59K,I79V,R124W,T181S",11.984545707702637
"D32E,N59K,I79V,C92R,H106Y,M112L",11.97434139251709
"S56R,N59K,I79V,H106Y,I123K,R124W",11.968924522399902
"S56R,I79V,H106Y,M112L,I123K,T181S",11.959738731384277
"S56R,N59K,I79V,M112L,R124W,T181S",11.927786827087402
"D32E,S56R,C92Y,H106Y,M112L,I123T",11.9262113571167
"D32E,E43V,S56R,C92Y,H106Y,I123T",11.915874481201172
"E43V,S56R,N59K,C92R,I123K,T181S",11.899709701538086
"D32E,E43V,S56R,H106Y,I123K,R124W",11.892667770385742
"S56R,N59K,I79V,C92Y,H106Y,T181S",11.886611938476562
"D32E,E43V,N59K,I79V,C92R,H106Y",11.874155044555664
"D32E,E43V,N59K,I79V,I123T,T181S",11.85601806640625
"S56R,N59K,I79V,C92Y,I123K,T181S",11.843335151672363
"E43V,S56R,N59K,C92R,H106Y,T181S",11.842714309692383
"D32E,S56R,N59K,C92Y,I123K,R124W",11.841924667358398
"S56R,N59K,I79V,C92Y,H106Y,I123T",11.824780464172363
"S56R,N59K,C92R,H106Y,M112L,T181S",11.807281494140625
"D32E,N59K,C92R,H106Y,I123K,T181S",11.782326698303223
"E43V,S56R,I79V,I123T,R124W,T181S",11.775339126586914
"D32E,I79V,H106Y,M112L,I123T,T181S",11.77338695526123
"D32E,S56R,H106Y,M112L,I123K,R124W",11.772372245788574
"D32E,N59K,I79V,M112L,I123T,T181S",11.745534896850586
"S56R,C92R,H106Y,I123K,R124W,T181S",11.73510456085205
"D32E,N59K,C92R,I123T,R124W,T181S",11.72573471069336
"E43V,S56R,N59K,I79V,C92R,M112L",11.7186861038208
"D32E,E43V,S56R,N59K,M112L,R124W",11.70611572265625
"S56R,I79V,M112L,I123T,R124W,T181S",11.703080177307129
"D32E,S56R,C92Y,M112L,R124W,T181S",11.693472862243652
"D32E,S56R,N59K,C92Y,H106Y,M112L",11.669041633605957
"D32E,E43V,S56R,N59K,C92Y,H106Y",11.657598495483398
"E43V,S56R,N59K,C92R,H106Y,I123T",11.649986267089844
"S56R,I79V,H106Y,M112L,R124W,T181S",11.648408889770508
"E43V,S56R,I79V,H106Y,R124W,T181S",11.637362480163574
"D32E,E43V,S56R,H106Y,M112L,I123K",11.617818832397461
"D32E,E43V,I79V,H106Y,I123T,T181S",11.617393493652344
"S56R,N59K,C92R,M112L,I123K,T181S",11.614901542663574
"D32E,C92R,H106Y,I123T,R124W,T181S",11.577113151550293
"D32E,E43V,S56R,C92Y,R124W,T181S",11.574345588684082
"D32E,E43V,N59K,I79V,C92R,I123K",11.574318885803223
"D32E,N59K,C92R,H106Y,R124W,T181S",11.559259414672852
"D32E,N59K,I79V,I123K,R124W,T181S",11.558354377746582
"D32E,I79V,H106Y,I123K,R124W,T181S",11.540953636169434
"D32E,E43V,S56R,N59K,C92Y,I123K",11.534918785095215
"D32E,N59K,I79V,H106Y,I123T,R124W",11.504783630371094
"S56R,I79V,C92Y,H106Y,I123K,T181S",11.48282527923584
"S56R,N59K,C92R,H106Y,M112L,I123T",11.47656536102295
"D32E,N59K,I79V,C92R,M112L,I123K",11.474385261535645
"E43V,S56R,N59K,I79V,H106Y,I123K",11.469550132751465
"E43V,S56R,N59K,C92R,R124W,T181S",11.452847480773926
"D32E,S56R,C92Y,H106Y,I123K,R124W",11.435972213745117
"E43V,S56R,I79V,C92R,I123K,R124W",11.413687705993652
"S56R,N59K,I79V,C92Y,R124W,T181S",11.408032417297363
"D32E,I79V,C92R,H106Y,M112L,I123K",11.404422760009766
"D32E,E43V,I79V,C92R,H106Y,I123K",11.378352165222168
"S56R,N59K,H106Y,I123T,R124W,T181S",11.355772972106934
"D32E,N59K,I79V,C92R,M112L,R124W",11.353926658630371
"S56R,N59K,C92R,M112L,R124W,T181S",11.343113899230957
"D32E,S56R,N59K,C92Y,M112L,I123K",11.32526683807373
"D32E,I79V,C92R,M112L,I123T,R124W",11.308472633361816
"S56R,I79V,C92Y,I123T,R124W,T181S",11.307500839233398
"S56R,I79V,C92R,M112L,I123K,R124W",11.307029724121094
"D32E,N59K,I79V,C92Y,I123T,T181S",11.2958402633667
"E43V,S56R,I79V,C92R,H106Y,M112L",11.295063018798828
"D32E,I79V,C92R,H106Y,M112L,R124W",11.294346809387207
"D32E,E43V,S56R,M112L,I123T,R124W",11.293747901916504
"D32E,E43V,I79V,C92R,I123T,R124W",11.272871971130371
"D32E,E43V,S56R,H106Y,M112L,R124W",11.272425651550293
"D32E,E43V,N59K,I79V,C92R,R124W",11.266693115234375
"S56R,N59K,I79V,H106Y,M112L,I123K",11.233954429626465
"D32E,I79V,C92Y,H106Y,I123T,T181S",11.230779647827148
"E43V,S56R,C92R,H106Y,I123K,T181S",11.180475234985352
"D32E,N59K,I79V,H106Y,M112L,T181S",11.168036460876465
"E43V,S56R,I79V,M112L,I123T,T181S",11.15871524810791
"E43V,S56R,N59K,I79V,I123T,R124W",11.148239135742188
"S56R,C92R,H106Y,M112L,I123K,T181S",11.140510559082031
"S56R,I79V,C92Y,H106Y,R124W,T181S",11.132651329040527
"D32E,E43V,I79V,C92R,H106Y,R124W",11.118720054626465
"S56R,N59K,C92R,H106Y,I123K,R124W",11.084412574768066
"D32E,E43V,N59K,I79V,H106Y,T181S",11.08184814453125
"E43V,S56R,C92R,I123T,R124W,T181S",11.079951286315918
"D32E,E43V,N59K,C92R,I123T,T181S",11.045697212219238
"S56R,C92R,M112L,I123T,R124W,T181S",11.034917831420898
"E43V,S56R,N59K,I79V,H106Y,R124W",11.027097702026367
"D32E,E43V,N59K,I79V,I123K,T181S",11.005742073059082
"D32E,E43V,S56R,C92Y,H106Y,I123K",10.99874496459961
"D32E,S56R,N59K,C92Y,M112L,R124W",10.995529174804688
"S56R,N59K,I79V,H106Y,M112L,R124W",10.987632751464844
"D32E,N59K,C92R,M112L,I123T,T181S",10.978927612304688
"D32E,E43V,S56R,N59K,C92Y,R124W",10.958393096923828
"D32E,E43V,I79V,C92R,M112L,T181S",10.940319061279297
"E43V,S56R,N59K,H106Y,I123T,T181S",10.933740615844727
"D32E,S56R,C92Y,H106Y,M112L,I123K",10.93235969543457
"E43V,S56R,N59K,I79V,M112L,T181S",10.912059783935547
"D32E,N59K,I79V,H106Y,M112L,I123T",10.887801170349121
"E43V,S56R,I79V,C92R,M112L,I123K",10.866461753845215
"D32E,E43V,N59K,I79V,H106Y,I123T",10.858076095581055
"S56R,N59K,I79V,M112L,I123T,R124W",10.854670524597168
"S56R,C92R,H106Y,M112L,R124W,T181S",10.854228973388672
"S56R,N59K,I79V,C92Y,H106Y,I123K",10.82115650177002
"D32E,I79V,H106Y,M112L,I123K,T181S",10.809704780578613
"E43V,S56R,I79V,I123K,R124W,T181S",10.801942825317383
"D32E,N59K,I79V,M112L,I123K,T181S",10.800567626953125
"D32E,C92R,H106Y,M112L,I123T,T181S",10.793899536132812
"D32E,E43V,I79V,H106Y,I123K,T181S",10.779053688049316
"D32E,E43V,S56R,C92Y,I123T,R124W",10.772310256958008
"D32E,N59K,C92R,I123K,R124W,T181S",10.769913673400879
"E43V,S56R,C92R,H106Y,R124W,T181S",10.758770942687988
"D32E,S56R,C92Y,M112L,I123T,R124W",10.745959281921387
"E43V,S56R,I79V,H106Y,I123T,R124W",10.744620323181152
"S56R,N59K,H106Y,M112L,I123T,T181S",10.719658851623535
"D32E,N59K,C92R,H106Y,I123T,R124W",10.692140579223633
"E43V,S56R,N59K,C92R,I123T,R124W",10.691840171813965
"S56R,I79V,C92Y,M112L,I123T,T181S",10.678851127624512
"E43V,S56R,N59K,C92R,H106Y,I123K",10.6703519821167
"S56R,I79V,H106Y,M112L,I123T,R124W",10.667344093322754
"S56R,I79V,M112L,I123K,R124W,T181S",10.66260051727295
"E43V,S56R,I79V,C92Y,I123T,T181S",10.652462005615234
"D32E,E43V,S56R,C92Y,M112L,T181S",10.648150444030762
"D32E,S56R,C92Y,H106Y,M112L,R124W",10.645263671875
"D32E,E43V,C92R,H106Y,I123T,T181S",10.639531135559082
"D32E,N59K,I79V,M112L,R124W,T181S",10.618112564086914
"E43V,S56R,I79V,C92R,M112L,R124W",10.617379188537598
"S56R,N59K,I79V,C92Y,I123T,R124W",10.611987113952637
"E43V,S56R,N59K,I79V,M112L,I123T",10.606598854064941
"D32E,E43V,N59K,I79V,R124W,T181S",10.587203979492188
"D32E,N59K,I79V,H106Y,I123K,R124W",10.564958572387695
"D32E,I79V,M112L,I123T,R124W,T181S",10.553598403930664
"D32E,C92R,H106Y,I123K,R124W,T181S",10.551933288574219
"D32E,E43V,S56R,C92Y,H106Y,R124W",10.54924488067627
"D32E,E43V,I79V,C92R,M112L,I123T",10.528694152832031
"D32E,I79V,H106Y,M112L,R124W,T181S",10.521576881408691
"E43V,S56R,I79V,H106Y,M112L,T181S",10.52074909210205
"S56R,N59K,H106Y,I123K,R124W,T181S",10.50621509552002
"E43V,S56R,C92R,M112L,I123T,T181S",10.505255699157715
"D32E,N59K,I79V,C92Y,H106Y,T181S",10.49765396118164
"N59K,I79V,C92R,H106Y,I123T,T181S",10.475911140441895
"S56R,N59K,I79V,C92Y,H106Y,R124W",10.45915699005127
"D32E,E43V,I79V,I123T,R124W,T181S",10.451712608337402
"S56R,N59K,C92R,H106Y,M112L,I123K",10.436078071594238
"D32E,E43V,I79V,H106Y,R124W,T181S",10.409538269042969
"E43V,S56R,N59K,C92R,M112L,T181S",10.407953262329102
"S56R,N59K,C92R,M112L,I123T,R124W",10.399364471435547
"S56R,I79V,C92Y,I123K,R124W,T181S",10.388628005981445
"D32E,N59K,I79V,C92Y,I123K,T181S",10.373435020446777
"S56R,I79V,C92Y,H106Y,I123T,R124W",10.3663330078125
"D32E,N59K,I79V,C92Y,H106Y,I123T",10.348155975341797
"D32E,E43V,S56R,C92Y,M112L,I123T",10.333487510681152
"D32E,N59K,C92R,H106Y,M112L,T181S",10.320298194885254
"D32E,I79V,C92Y,H106Y,I123K,T181S",10.3154878616333
"E43V,S56R,N59K,C92R,H106Y,R124W",10.284229278564453
"S56R,N59K,C92R,H106Y,M112L,R124W",10.257674217224121
"E43V,S56R,I79V,H106Y,M112L,I123T",10.255813598632812
"D32E,I79V,C92Y,I123T,R124W,T181S",10.233274459838867
"S56R,N59K,I79V,C92Y,M112L,T181S",10.229375839233398
"E43V,S56R,N59K,I79V,C92Y,T181S",10.202110290527344
"D32E,E43V,N59K,C92R,I123K,T181S",10.191143989562988
"D32E,E43V,N59K,C92R,H106Y,T181S",10.190081596374512
"E43V,S56R,N59K,I79V,I123K,R124W",10.158013343811035
"E43V,S56R,I79V,M112L,I123K,T181S",10.15665054321289
"D32E,E43V,N59K,I79V,C92R,M112L",10.145930290222168
"D32E,E43V,I79V,C92R,I123K,R124W",10.145395278930664
"S56R,N59K,C92Y,H106Y,I123T,T181S",10.12170696258545
"D32E,I79V,C92R,M112L,I123K,R124W",10.118734359741211
"D32E,E43V,S56R,N59K,C92Y,M112L",10.097143173217773
"E43V,S56R,N59K,H106Y,I123K,T181S",10.096630096435547
"D32E,I79V,C92Y,H106Y,R124W,T181S",10.095091819763184
"D32E,N59K,I79V,C92Y,R124W,T181S",10.093131065368652
"E43V,S56R,N59K,I79V,C92Y,I123T",10.048306465148926
"E43V,S56R,N59K,C92R,M112L,I123T",10.042169570922852
"D32E,N59K,C92R,M112L,I123K,T181S",10.041029930114746
"E43V,S56R,C92R,I123K,R124W,T181S",9.980998039245605
"D32E,N59K,H106Y,I123T,R124W,T181S",9.976638793945312
"S56R,N59K,I79V,C92Y,M112L,I123T",9.972105026245117
"E43V,S56R,N59K,I79V,H106Y,M112L",9.953621864318848
"D32E,N59K,C92R,H106Y,M112L,I123T",9.951581954956055
"S56R,I79V,C92Y,H106Y,M112L,T181S",9.945389747619629
"E43V,S56R,C92R,H106Y,I123T,R124W",9.94130802154541
"D32E,E43V,N59K,I79V,H106Y,I123K",9.93433952331543
"D32E,E43V,N59K,C92R,H106Y,I123T",9.931777954101562
"S56R,C92R,M112L,I123K,R124W,T181S",9.92733097076416
"E43V,S56R,I79V,M112L,R124W,T181S",9.922343254089355
"D32E,E43V,I79V,C92R,H106Y,M112L",9.912455558776855
"D32E,N59K,C92R,M112L,R124W,T181S",9.906020164489746
"S56R,C92R,H106Y,M112L,I123T,R124W",9.90372371673584
"D32E,E43V,S56R,M112L,I123K,R124W",9.886499404907227
"D32E,E43V,N59K,C92R,R124W,T181S",9.877076148986816
"D32E,C92R,H106Y,M112L,I123K,T181S",9.870295524597168
"D32E,N59K,I79V,H106Y,M112L,I123K",9.849287033081055
"S56R,N59K,H106Y,M112L,I123K,T181S",9.8352689743042
"D32E,C92R,M112L,I123T,R124W,T181S",9.830927848815918
"D32E,E43V,C92R,H106Y,I123K,T181S",9.805397033691406
"E43V,S56R,I79V,C92Y,H106Y,T181S",9.788627624511719
"D32E,E43V,I79V,M112L,I123T,T181S",9.787084579467773
"S56R,N59K,I79V,M112L,I123K,R124W",9.762442588806152
"E43V,S56R,I79V,C92Y,I123K,T181S",9.761972427368164
"E43V,S56R,C92R,H106Y,M112L,T181S",9.760454177856445
"E43V,S56R,N59K,I123T,R124W,T181S",9.75369644165039
"D32E,E43V,C92R,I123T,R124W,T181S",9.729554176330566
"D32E,N59K,I79V,H106Y,M112L,R124W",9.714407920837402
"S56R,I79V,C92Y,H106Y,M112L,I123T",9.70969295501709
"S56R,I79V,C92Y,M112L,I123K,T181S",9.701873779296875
"D32E,C92R,H106Y,M112L,R124W,T181S",9.674639701843262
"S56R,N59K,I79V,C92Y,I123K,R124W",9.669843673706055
"E43V,S56R,I79V,H106Y,I123K,R124W",9.668734550476074
"E43V,S56R,I79V,C92Y,H106Y,I123T",9.657565116882324
"D32E,N59K,C92R,H106Y,I123K,R124W",9.649093627929688
"E43V,S56R,N59K,C92R,I123K,R124W",9.636415481567383
"D32E,E43V,N59K,I79V,H106Y,R124W",9.62423324584961
"E43V,S56R,N59K,H106Y,R124W,T181S",9.618529319763184
"D32E,E43V,N59K,I79V,I123T,R124W",9.61621379852295
"D32E,E43V,S56R,C92Y,H106Y,M112L",9.594622611999512
"E43V,S56R,N59K,I79V,M112L,I123K",9.573729515075684
"D32E,I79V,H106Y,M112L,I123T,R124W",9.568479537963867
"S56R,I79V,H106Y,M112L,I123K,R124W",9.565483093261719
"N59K,I79V,C92R,H106Y,I123K,T181S",9.534761428833008
"D32E,N59K,I79V,M112L,I123T,R124W",9.529656410217285
"S56R,N59K,M112L,I123T,R124W,T181S",9.509456634521484
"D32E,E43V,I79V,H106Y,I123T,R124W",9.502400398254395
"E43V,S56R,C92R,M112L,I123K,T181S",9.50070858001709
"S56R,N59K,H106Y,M112L,R124W,T181S",9.499899864196777
"D32E,E43V,I79V,C92R,M112L,I123K",9.499350547790527
"D32E,E43V,S56R,C92Y,I123K,R124W",9.488738059997559
"D32E,I79V,M112L,I123K,R124W,T181S",9.486409187316895
"D32E,E43V,I79V,I123K,R124W,T181S",9.478791236877441
"D32E,E43V,C92R,H106Y,R124W,T181S",9.473846435546875
"S56R,I79V,C92Y,M112L,R124W,T181S",9.4686279296875
"D32E,I79V,C92Y,M112L,I123T,T181S",9.467766761779785
"D32E,S56R,C92Y,M112L,I123K,R124W",9.432458877563477
"N59K,I79V,C92R,I123T,R124W,T181S",9.414286613464355
"E43V,S56R,C92R,H106Y,M112L,I123T",9.406538009643555
"D32E,E43V,N59K,I79V,M112L,T181S",9.394742012023926
"N59K,I79V,C92R,H106Y,R124W,T181S",9.380694389343262
"I79V,C92R,H106Y,I123T,R124W,T181S",9.379921913146973
"D32E,N59K,I79V,C92Y,H106Y,I123K",9.35088062286377
"E43V,S56R,N59K,C92R,H106Y,M112L",9.327736854553223
"D32E,E43V,S56R,C92Y,M112L,I123K",9.326007843017578
"D32E,I79V,C92Y,H106Y,I123T,R124W",9.325337409973145
"S56R,I79V,C92Y,H106Y,I123K,R124W",9.316518783569336
"E43V,S56R,I79V,C92Y,R124W,T181S",9.310931205749512
"S56R,N59K,C92Y,H106Y,I123K,T181S",9.305207252502441
"S56R,N59K,I79V,C92Y,H106Y,M112L",9.28710651397705
"D32E,E43V,I79V,C92R,M112L,R124W",9.28311538696289
"E43V,S56R,N59K,I79V,M112L,R124W",9.266057014465332
"D32E,E43V,I79V,C92Y,I123T,T181S",9.264375686645508
"E43V,S56R,C92R,M112L,R124W,T181S",9.258220672607422
"S56R,N59K,C92R,M112L,I123K,R124W",9.254424095153809
"D32E,I79V,C92Y,I123K,R124W,T181S",9.252034187316895
"E43V,S56R,H106Y,I123T,R124W,T181S",9.251062393188477
"D32E,E43V,N59K,H106Y,I123T,T181S",9.239904403686523
"D32E,N59K,H106Y,M112L,I123T,T181S",9.227681159973145
"E43V,S56R,N59K,I79V,C92Y,H106Y",9.216748237609863
"E43V,S56R,I79V,H106Y,M112L,I123K",9.202147483825684
"D32E,N59K,I79V,C92Y,H106Y,R124W",9.19172477722168
"D32E,N59K,I79V,C92Y,I123T,R124W",9.187301635742188
"D32E,E43V,I79V,H106Y,M112L,T181S",9.182097434997559
"E43V,S56R,N59K,M112L,I123T,T181S",9.175915718078613
"S56R,H106Y,M112L,I123T,R124W,T181S",9.169909477233887
"D32E,E43V,N59K,C92R,I123T,R124W",9.109075546264648
"E43V,S56R,N59K,I79V,C92Y,I123K",9.097522735595703
"D32E,N59K,H106Y,I123K,R124W,T181S",9.06483268737793
"S56R,N59K,C92Y,I123T,R124W,T181S",9.062613487243652
"D32E,E43V,C92R,M112L,I123T,T181S",9.016164779663086
"E43V,S56R,N59K,C92R,M112L,I123K",9.007960319519043
"D32E,E43V,N59K,C92R,H106Y,I123K",9.002076148986816
"D32E,E43V,N59K,I79V,M112L,I123T",9.001116752624512
"D32E,N59K,C92R,H106Y,M112L,I123K",8.93017292022705
"E43V,S56R,I79V,H106Y,M112L,R124W",8.927863121032715
"D32E,E43V,S56R,C92Y,M112L,R124W",8.913776397705078
"S56R,N59K,I79V,C92Y,M112L,I123K",8.911611557006836
"E43V,S56R,I79V,M112L,I123T,R124W",8.906086921691895
"D32E,N59K,C92R,M112L,I123T,R124W",8.904900550842285
"S56R,N59K,C92Y,H106Y,R124W,T181S",8.901275634765625
"D32E,E43V,I79V,M112L,I123K,T181S",8.883803367614746
"D32E,N59K,C92R,H106Y,M112L,R124W",8.874377250671387
"E43V,S56R,N59K,H106Y,I123T,R124W",8.840963363647461
"D32E,E43V,N59K,C92R,H106Y,R124W",8.815082550048828
"D32E,E43V,I79V,H106Y,M112L,I123T",8.812553405761719
"D32E,N59K,I79V,C92Y,M112L,T181S",8.81076431274414
"E43V,S56R,N59K,I123K,R124W,T181S",8.801535606384277
"D32E,C92R,H106Y,M112L,I123T,R124W",8.794008255004883
"E43V,S56R,C92R,H106Y,I123K,R124W",8.764342308044434
"S56R,C92R,H106Y,M112L,I123K,R124W",8.73340129852295
"D32E,E43V,C92R,H106Y,I123T,R124W",8.731590270996094
"D32E,E43V,N59K,C92R,M112L,T181S",8.730476379394531
"D32E,I79V,C92Y,H106Y,M112L,T181S",8.728083610534668
"S56R,C92Y,H106Y,I123T,R124W,T181S",8.72304916381836
"D32E,C92R,M112L,I123K,R124W,T181S",8.714644432067871
"E43V,S56R,N59K,C92R,M112L,R124W",8.709945678710938
"D32E,E43V,N59K,I79V,C92Y,T181S",8.694564819335938
"E43V,S56R,I79V,C92Y,H106Y,I123K",8.688614845275879
"E43V,N59K,I79V,C92R,I123T,T181S",8.657273292541504
"S56R,N59K,H106Y,M112L,I123T,R124W",8.6569185256958
"D32E,E43V,C92R,I123K,R124W,T181S",8.654767990112305
"E43V,S56R,N59K,C92Y,I123T,T181S",8.65360164642334
"N59K,I79V,C92R,M112L,I123T,T181S",8.648350715637207
"S56R,I79V,C92Y,H106Y,M112L,I123K",8.648085594177246
"S56R,N59K,I79V,C92Y,M112L,R124W",8.645792961120605
"E43V,S56R,H106Y,M112L,I123T,T181S",8.643351554870605
"D32E,E43V,I79V,M112L,R124W,T181S",8.639208793640137
"D32E,N59K,C92Y,H106Y,I123T,T181S",8.635724067687988
"D32E,E43V,N59K,I79V,I123K,R124W",8.57332992553711
"E43V,S56R,N59K,I79V,C92Y,R124W",8.57200813293457
"E43V,S56R,N59K,H106Y,M112L,T181S",8.561543464660645
"N59K,I79V,C92R,H106Y,I123T,R124W",8.53925609588623
"I79V,C92R,H106Y,M112L,I123T,T181S",8.539051055908203
"N59K,I79V,C92R,I123K,R124W,T181S",8.530442237854004
"D32E,I79V,C92Y,M112L,I123K,T181S",8.515284538269043
"S56R,N59K,M112L,I123K,R124W,T181S",8.509289741516113
"D32E,N59K,I79V,C92Y,M112L,I123T",8.500570297241211
"E43V,S56R,I79V,C92Y,I123T,R124W",8.490618705749512
"S56R,N59K,C92Y,M112L,I123T,T181S",8.48176383972168
"D32E,I79V,C92Y,H106Y,M112L,I123T",8.4763765335083
"I79V,C92R,H106Y,I123K,R124W,T181S",8.467644691467285
"D32E,E43V,N59K,H106Y,I123K,T181S",8.459450721740723
"D32E,E43V,N59K,I79V,C92Y,I123T",8.45905590057373
"D32E,E43V,N59K,I79V,H106Y,M112L",8.4569091796875
"D32E,E43V,I79V,C92Y,H106Y,T181S",8.454936027526855
"D32E,E43V,I79V,C92Y,I123K,T181S",8.445623397827148
"S56R,I79V,C92Y,M112L,I123T,R124W",8.436020851135254
"D32E,I79V,H106Y,M112L,I123K,R124W",8.401336669921875
"S56R,I79V,C92Y,H106Y,M112L,R124W",8.40005111694336
"E43V,I79V,C92R,H106Y,I123T,T181S",8.392194747924805
"D32E,N59K,I79V,M112L,I123K,R124W",8.379051208496094
"D32E,E43V,I79V,H106Y,I123K,R124W",8.37653636932373
"D32E,I79V,C92Y,M112L,R124W,T181S",8.368475914001465
"D32E,N59K,H106Y,M112L,I123K,T181S",8.358715057373047
"E43V,S56R,C92R,H106Y,M112L,I123K",8.338343620300293
"D32E,E43V,C92R,H106Y,M112L,T181S",8.313013076782227
"D32E,E43V,N59K,C92R,M112L,I123T",8.297033309936523
"D32E,E43V,I79V,C92Y,H106Y,I123T",8.296868324279785
"E43V,S56R,C92R,M112L,I123T,R124W",8.294071197509766
"E43V,S56R,N59K,H106Y,M112L,I123T",8.293943405151367
"E43V,S56R,I79V,C92Y,H106Y,R124W",8.283171653747559
"E43V,S56R,N59K,M112L,I123K,T181S",8.27038288116455
"E43V,S56R,I79V,C92Y,M112L,T181S",8.240036010742188
"D32E,I79V,C92Y,H106Y,I123K,R124W",8.22567367553711
"E43V,S56R,H106Y,I123K,R124W,T181S",8.201776504516602
"D32E,E43V,N59K,I123T,R124W,T181S",8.192716598510742
"S56R,N59K,C92Y,I123K,R124W,T181S",8.17725944519043
"D32E,N59K,I79V,C92Y,I123K,R124W",8.166958808898926
"D32E,N59K,H106Y,M112L,R124W,T181S",8.155220985412598
"E43V,S56R,C92R,H106Y,M112L,R124W",8.129451751708984
"S56R,N59K,C92Y,H106Y,I123T,R124W",8.121188163757324
"S56R,H106Y,M112L,I123K,R124W,T181S",8.11008071899414
"D32E,E43V,I79V,C92Y,R124W,T181S",8.10971736907959
"D32E,E43V,N59K,H106Y,R124W,T181S",8.10855484008789
"D32E,E43V,C92R,M112L,I123K,T181S",8.107917785644531
"D32E,N59K,M112L,I123T,R124W,T181S",8.097297668457031
"D32E,E43V,N59K,C92R,I123K,R124W",8.024022102355957
"D32E,E43V,N59K,I79V,M112L,I123K",8.016077995300293
"S56R,C92Y,H106Y,M112L,I123T,T181S",8.012701988220215
"D32E,H106Y,M112L,I123T,R124W,T181S",7.991769313812256
"E43V,S56R,C92Y,H106Y,I123T,T181S",7.990309715270996
"N59K,I79V,C92R,H106Y,M112L,T181S",7.983226776123047
"E43V,S56R,N59K,M112L,R124W,T181S",7.937332630157471
"E43V,S56R,I79V,C92Y,M112L,I123T",7.921188831329346
"D32E,E43V,C92R,H106Y,M112L,I123T",7.915089130401611
"E43V,N59K,I79V,C92R,H106Y,T181S",7.903866291046143
"D32E,N59K,I79V,C92Y,H106Y,M112L",7.901937961578369
"D32E,E43V,C92R,M112L,R124W,T181S",7.8976054191589355
"D32E,E43V,H106Y,I123T,R124W,T181S",7.873141765594482
"D32E,E43V,I79V,H106Y,M112L,I123K",7.828412055969238
"D32E,N59K,C92Y,H106Y,I123K,T181S",7.822134017944336
"E43V,S56R,N59K,C92Y,I123K,T181S",7.819070339202881
"D32E,E43V,N59K,I79V,M112L,R124W",7.791440010070801
"E43V,S56R,N59K,C92Y,H106Y,T181S",7.773670196533203
"E43V,N59K,I79V,C92R,I123K,T181S",7.772425651550293
"E43V,S56R,N59K,H106Y,I123K,R124W",7.769299507141113
"D32E,E43V,N59K,I79V,C92Y,H106Y",7.744507312774658
"S56R,N59K,C92Y,H106Y,M112L,T181S",7.742182731628418
"D32E,N59K,C92R,M112L,I123K,R124W",7.721298694610596
"E43V,S56R,H106Y,M112L,I123K,T181S",7.720510005950928
"S56R,C92Y,H106Y,I123K,R124W,T181S",7.695948123931885
"E43V,N59K,I79V,C92R,H106Y,I123T",7.692433834075928
"D32E,N59K,C92Y,I123T,R124W,T181S",7.683112144470215
"D32E,E43V,N59K,C92R,H106Y,M112L",7.675724983215332
"N59K,I79V,C92R,H106Y,M112L,I123T",7.675474166870117
"N59K,I79V,C92R,M112L,I123K,T181S",7.67058801651001
"N59K,I79V,H106Y,I123T,R124W,T181S",7.661203861236572
"D32E,E43V,I79V,H106Y,M112L,R124W",7.645292282104492
"D32E,C92Y,H106Y,I123T,R124W,T181S",7.614683151245117
"E43V,S56R,N59K,C92Y,H106Y,I123T",7.614372253417969
"N59K,I79V,C92R,M112L,R124W,T181S",7.590582847595215
"S56R,N59K,H106Y,M112L,I123K,R124W",7.5896172523498535
"S56R,N59K,C92Y,M112L,I123K,T181S",7.585074424743652
"D32E,N59K,C92Y,H106Y,R124W,T181S",7.582931041717529
"D32E,C92R,H106Y,M112L,I123K,R124W",7.582763195037842
"E43V,S56R,I79V,M112L,I123K,R124W",7.580327033996582
"D32E,E43V,C92R,H106Y,I123K,R124W",7.578505992889404
"I79V,C92R,H106Y,M112L,I123K,T181S",7.571981430053711
"D32E,E43V,I79V,M112L,I123T,R124W",7.566456317901611
"N59K,I79V,C92R,H106Y,I123K,R124W",7.547395706176758
"E43V,S56R,N59K,I79V,C92Y,M112L",7.5448527336120605
"D32E,E43V,N59K,I79V,C92Y,I123K",7.5408501625061035
"E43V,I79V,C92R,H106Y,I123K,T181S",7.524771690368652
"E43V,N59K,I79V,C92R,R124W,T181S",7.522249221801758
"D32E,E43V,N59K,M112L,I123T,T181S",7.502108097076416
"D32E,N59K,I79V,C92Y,M112L,I123K",7.472628593444824
"I79V,C92R,M112L,I123T,R124W,T181S",7.46432638168335
"S56R,N59K,C92Y,H106Y,M112L,I123T",7.4538679122924805
"E43V,S56R,M112L,I123T,R124W,T181S",7.4277753829956055
"E43V,S56R,H106Y,M112L,R124W,T181S",7.4261088371276855
"D32E,I79V,C92Y,H106Y,M112L,I123K",7.422945976257324
"I79V,C92R,H106Y,M112L,R124W,T181S",7.381807327270508
"D32E,E43V,I79V,C92Y,H106Y,I123K",7.3762407302856445
"D32E,I79V,C92Y,M112L,I123T,R124W",7.360548496246338
"E43V,I79V,C92R,I123T,R124W,T181S",7.344348430633545
"D32E,I79V,C92Y,H106Y,M112L,R124W",7.330523490905762
"D32E,E43V,I79V,C92Y,I123T,R124W",7.3297343254089355
"D32E,N59K,I79V,C92Y,M112L,R124W",7.320172309875488
"E43V,S56R,N59K,H106Y,M112L,I123K",7.319840908050537
"E43V,S56R,I79V,C92Y,I123K,R124W",7.309933185577393
"D32E,E43V,N59K,C92R,M112L,I123K",7.309087753295898
"D32E,E43V,N59K,H106Y,I123T,R124W",7.303926467895508
"E43V,S56R,N59K,C92Y,R124W,T181S",7.283918857574463
"S56R,N59K,C92Y,M112L,R124W,T181S",7.266047477722168
"D32E,N59K,H106Y,M112L,I123T,R124W",7.2624735832214355
"E43V,I79V,C92R,H106Y,R124W,T181S",7.248894691467285
"D32E,E43V,N59K,I123K,R124W,T181S",7.236611366271973
"S56R,I79V,C92Y,M112L,I123K,R124W",7.22291898727417
"D32E,E43V,H106Y,M112L,I123T,T181S",7.206377983093262
"D32E,E43V,N59K,I79V,C92Y,R124W",7.194005966186523
"E43V,S56R,I79V,C92Y,H106Y,M112L",7.19243860244751
"D32E,E43V,N59K,C92R,M112L,R124W",7.166605472564697
"E43V,S56R,C92Y,H106Y,I123K,T181S",7.166071891784668
"D32E,E43V,I79V,C92Y,H106Y,R124W",7.143462657928467
"S56R,N59K,C92Y,H106Y,I123K,R124W",7.138357162475586
"S56R,C92Y,H106Y,M112L,I123K,T181S",7.134646892547607
"E43V,S56R,N59K,H106Y,M112L,R124W",7.048932075500488
"D32E,N59K,M112L,I123K,R124W,T181S",7.044930458068848
"E43V,S56R,C92Y,I123T,R124W,T181S",7.020331382751465
"S56R,C92Y,M112L,I123T,R124W,T181S",6.996118545532227
"E43V,N59K,I79V,H106Y,I123T,T181S",6.95322847366333
"D32E,N59K,C92Y,M112L,I123T,T181S",6.942409515380859
"E43V,S56R,N59K,M112L,I123T,R124W",6.93922233581543
"D32E,H106Y,M112L,I123K,R124W,T181S",6.937766075134277
"N59K,I79V,H106Y,M112L,I123T,T181S",6.936564922332764
"D32E,E43V,N59K,C92Y,I123T,T181S",6.934390544891357
"D32E,E43V,C92R,M112L,I123T,R124W",6.932830810546875
"D32E,E43V,N59K,H106Y,M112L,T181S",6.929533004760742
"D32E,E43V,C92R,H106Y,M112L,I123K",6.929074764251709
"E43V,S56R,I79V,C92Y,M112L,I123K",6.89755916595459
"E43V,S56R,C92R,M112L,I123K,R124W",6.895906448364258
"N59K,C92R,H106Y,I123T,R124W,T181S",6.86879301071167
"D32E,E43V,I79V,C92Y,M112L,T181S",6.862184524536133
"S56R,C92Y,H106Y,M112L,R124W,T181S",6.853122234344482
"D32E,E43V,H106Y,I123K,R124W,T181S",6.8329291343688965
"N59K,I79V,H106Y,I123K,R124W,T181S",6.826014518737793
"D32E,E43V,C92R,H106Y,M112L,R124W",6.80580997467041
"D32E,N59K,C92Y,H106Y,I123T,R124W",6.800113677978516
"D32E,C92Y,H106Y,M112L,I123T,T181S",6.747056007385254
"E43V,S56R,C92Y,H106Y,R124W,T181S",6.726121425628662
"E43V,N59K,I79V,C92R,H106Y,I123K",6.718081474304199
"D32E,N59K,C92Y,I123K,R124W,T181S",6.717967987060547
"E43V,S56R,N59K,C92Y,H106Y,I123K",6.715157985687256
"E43V,I79V,C92R,M112L,I123T,T181S",6.665389060974121
"E43V,N59K,I79V,C92R,I123T,R124W",6.657167911529541
"D32E,E43V,N59K,M112L,I123K,T181S",6.656741619110107
"N59K,I79V,C92R,H106Y,M112L,R124W",6.609435558319092
"N59K,I79V,C92R,H106Y,M112L,I123K",6.606366157531738
"D32E,E43V,N59K,H106Y,M112L,I123T",6.58415412902832
"E43V,N59K,I79V,C92R,H106Y,R124W",6.559797763824463
"D32E,E43V,C92Y,H106Y,I123T,T181S",6.557652473449707
"E43V,S56R,I79V,C92Y,M112L,R124W",6.549683570861816
"D32E,C92Y,H106Y,I123K,R124W,T181S",6.544467926025391
"N59K,I79V,C92R,M112L,I123T,R124W",6.535415172576904
"E43V,S56R,H106Y,M112L,I123T,R124W",6.531745910644531
"I79V,C92R,H106Y,M112L,I123T,R124W",6.5203351974487305
"D32E,E43V,I79V,C92Y,M112L,I123T",6.520053386688232
"S56R,N59K,C92Y,H106Y,M112L,I123K",6.4941277503967285
"E43V,I79V,C92R,H106Y,I123T,R124W",6.442570686340332
"E43V,S56R,N59K,C92Y,I123T,R124W",6.4379777908325195
"N59K,I79V,C92Y,H106Y,I123T,T181S",6.419155597686768
"D32E,E43V,N59K,M112L,R124W,T181S",6.407470703125
"E43V,S56R,C92Y,M112L,I123T,T181S",6.4066290855407715
"I79V,C92R,M112L,I123K,R124W,T181S",6.405752182006836
"E43V,I79V,C92R,I123K,R124W,T181S",6.385853290557861
"D32E,E43V,H106Y,M112L,I123K,T181S",6.359626770019531
"E43V,S56R,N59K,C92Y,H106Y,R124W",6.32366943359375
"S56R,N59K,C92Y,H106Y,M112L,R124W",6.300621509552002
"D32E,N59K,C92Y,H106Y,M112L,T181S",6.287205696105957
"E43V,N59K,I79V,C92R,M112L,T181S",6.253015518188477
"E43V,S56R,N59K,C92Y,M112L,T181S",6.236649036407471
"S56R,N59K,C92Y,M112L,I123T,R124W",6.219151020050049
"D32E,E43V,I79V,M112L,I123K,R124W",6.217704772949219
"D32E,E43V,N59K,H106Y,I123K,R124W",6.208510398864746
"E43V,S56R,M112L,I123K,R124W,T181S",6.18487548828125
"D32E,E43V,N59K,C92Y,I123K,T181S",6.158209800720215
"D32E,E43V,N59K,C92Y,H106Y,T181S",6.151005744934082
"E43V,N59K,I79V,H106Y,I123K,T181S",6.136044502258301
"D32E,N59K,H106Y,M112L,I123K,R124W",6.119396209716797
"D32E,E43V,M112L,I123T,R124W,T181S",6.101326942443848
"D32E,E43V,H106Y,M112L,R124W,T181S",6.096767425537109
"D32E,I79V,C92Y,M112L,I123K,R124W",6.07255744934082
"D32E,E43V,I79V,C92Y,I123K,R124W",6.065632343292236
"D32E,N59K,C92Y,M112L,I123K,T181S",6.0589799880981445
"N59K,C92R,H106Y,M112L,I123T,T181S",6.043320178985596
"E43V,S56R,C92Y,H106Y,I123T,R124W",6.03780460357666
"D32E,E43V,N59K,I79V,C92Y,M112L",6.02924108505249
"N59K,I79V,H106Y,M112L,I123K,T181S",6.020294666290283
"E43V,N59K,C92R,H106Y,I123T,T181S",5.995045185089111
"E43V,I79V,C92R,H106Y,M112L,T181S",5.97468900680542
"D32E,N59K,C92Y,H106Y,M112L,I123T",5.972599506378174
"D32E,E43V,N59K,C92Y,H106Y,I123T",5.964930057525635
"S56R,C92Y,H106Y,M112L,I123T,R124W",5.9415693283081055
"N59K,C92R,H106Y,I123K,R124W,T181S",5.908483505249023
"E43V,S56R,N59K,C92Y,M112L,I123T",5.907843112945557
"D32E,N59K,C92Y,M112L,R124W,T181S",5.8919901847839355
"D32E,C92Y,H106Y,M112L,I123K,T181S",5.8807759284973145
"E43V,S56R,C92Y,I123K,R124W,T181S",5.864670753479004
"E43V,N59K,I79V,H106Y,R124W,T181S",5.836770057678223
"E43V,N59K,I79V,I123T,R124W,T181S",5.831830978393555
"N59K,I79V,H106Y,M112L,R124W,T181S",5.829638957977295
"S56R,C92Y,M112L,I123K,R124W,T181S",5.82953405380249
"D32E,E43V,I79V,C92Y,H106Y,M112L",5.826869487762451
"D32E,C92Y,M112L,I123T,R124W,T181S",5.813000679016113
"D32E,E43V,C92Y,H106Y,I123K,T181S",5.804062366485596
"D32E,E43V,N59K,C92Y,R124W,T181S",5.803499221801758
"E43V,N59K,I79V,C92R,M112L,I123T",5.7988128662109375
"D32E,N59K,C92Y,H106Y,I123K,R124W",5.768375396728516
"N59K,I79V,M112L,I123T,R124W,T181S",5.737701892852783
"E43V,I79V,C92R,M112L,I123K,T181S",5.721490859985352
"D32E,E43V,C92Y,I123T,R124W,T181S",5.706175804138184
"D32E,C92Y,H106Y,M112L,R124W,T181S",5.701137065887451
"I79V,H106Y,M112L,I123T,R124W,T181S",5.671760559082031
"D32E,E43V,N59K,H106Y,M112L,I123K",5.658430099487305
"E43V,S56R,N59K,M112L,I123K,R124W",5.657015800476074
"E43V,S56R,C92Y,H106Y,M112L,T181S",5.651924133300781
"E43V,N59K,I79V,C92R,I123K,R124W",5.618237495422363
"E43V,I79V,C92R,H106Y,M112L,I123T",5.581830024719238
"D32E,E43V,I79V,C92Y,M112L,I123K",5.554224491119385
"E43V,I79V,H106Y,I123T,R124W,T181S",5.553640842437744
"E43V,I79V,C92R,M112L,R124W,T181S",5.542294502258301
"D32E,E43V,C92R,M112L,I123K,R124W",5.528968334197998
"N59K,I79V,C92Y,H106Y,I123K,T181S",5.528104782104492
"D32E,E43V,C92Y,H106Y,R124W,T181S",5.515638828277588
"E43V,S56R,C92Y,M112L,I123K,T181S",5.49104642868042
"D32E,E43V,N59K,H106Y,M112L,R124W",5.488993167877197
"D32E,E43V,N59K,M112L,I123T,R124W",5.43951416015625
"I79V,C92Y,H106Y,I123T,R124W,T181S",5.402158260345459
"N59K,I79V,C92R,M112L,I123K,R124W",5.383316516876221
"I79V,C92R,H106Y,M112L,I123K,R124W",5.368809223175049
"E43V,I79V,C92R,H106Y,I123K,R124W",5.360989570617676
"N59K,I79V,C92Y,I123T,R124W,T181S",5.358480930328369
"E43V,S56R,N59K,C92Y,I123K,R124W",5.3476715087890625
"E43V,S56R,C92Y,H106Y,M112L,I123T",5.345906734466553
"N59K,I79V,C92Y,H106Y,R124W,T181S",5.344639301300049
"D32E,E43V,I79V,C92Y,M112L,R124W",5.300339221954346
"E43V,N59K,I79V,C92R,H106Y,M112L",5.278225421905518
"E43V,S56R,N59K,C92Y,H106Y,M112L",5.206590175628662
"E43V,S56R,C92Y,M112L,R124W,T181S",5.206114292144775
"E43V,N59K,C92R,I123T,R124W,T181S",5.203822135925293
"E43V,S56R,H106Y,M112L,I123K,R124W",5.175967693328857
"D32E,E43V,H106Y,M112L,I123T,R124W",5.174540042877197
"E43V,N59K,C92R,H106Y,I123K,T181S",5.172089576721191
"N59K,C92R,H106Y,M112L,I123K,T181S",5.135496616363525
"E43V,N59K,I79V,M112L,I123T,T181S",5.125481128692627
"D32E,E43V,N59K,C92Y,H106Y,I123K",5.1106390953063965
"N59K,C92R,M112L,I123T,R124W,T181S",5.107707500457764
"N59K,C92R,H106Y,M112L,R124W,T181S",5.06123685836792
"S56R,N59K,C92Y,M112L,I123K,R124W",5.036621570587158
"D32E,N59K,C92Y,H106Y,M112L,I123K",5.014297962188721
"E43V,N59K,I79V,I123K,R124W,T181S",4.975308895111084
"D32E,N59K,C92Y,H106Y,M112L,R124W",4.974960803985596
"D32E,E43V,C92Y,M112L,I123T,T181S",4.950869083404541
"D32E,E43V,N59K,C92Y,I123T,R124W",4.940731525421143
"E43V,S56R,N59K,C92Y,M112L,I123K",4.939676284790039
"E43V,I79V,H106Y,M112L,I123T,T181S",4.917078971862793
"D32E,E43V,N59K,C92Y,H106Y,R124W",4.908604145050049
"E43V,N59K,C92R,H106Y,R124W,T181S",4.9080281257629395
"D32E,N59K,C92Y,M112L,I123T,R124W",4.890087604522705
"D32E,E43V,M112L,I123K,R124W,T181S",4.873427867889404
"E43V,N59K,I79V,H106Y,I123T,R124W",4.86440896987915
"N59K,I79V,H106Y,M112L,I123T,R124W",4.8420820236206055
"D32E,C92Y,H106Y,M112L,I123T,R124W",4.835666656494141
"D32E,E43V,C92Y,H106Y,I123T,R124W",4.802120208740234
"E43V,S56R,C92Y,H106Y,I123K,R124W",4.802042007446289
"E43V,N59K,I79V,C92R,M112L,I123K",4.786622524261475
"C92R,H106Y,M112L,I123T,R124W,T181S",4.775137424468994
"E43V,C92R,H106Y,I123T,R124W,T181S",4.773156642913818
"N59K,I79V,M112L,I123K,R124W,T181S",4.7309770584106445
"S56R,C92Y,H106Y,M112L,I123K,R124W",4.702477931976318
"E43V,N59K,I79V,C92R,M112L,R124W",4.696612358093262
"I79V,H106Y,M112L,I123K,R124W,T181S",4.676555156707764
"D32E,C92Y,M112L,I123K,R124W,T181S",4.635571002960205
"E43V,I79V,H106Y,I123K,R124W,T181S",4.6354875564575195
"N59K,I79V,C92Y,M112L,I123T,T181S",4.611356258392334
"D32E,E43V,N59K,C92Y,M112L,T181S",4.609665870666504
"E43V,S56R,N59K,C92Y,M112L,R124W",4.598928928375244
"E43V,N59K,I79V,C92Y,I123T,T181S",4.578121185302734
"E43V,I79V,C92R,H106Y,M112L,I123K",4.543764114379883
"D32E,E43V,C92Y,I123K,R124W,T181S",4.5347771644592285
"E43V,N59K,I79V,H106Y,M112L,T181S",4.525204658508301
"I79V,C92Y,H106Y,M112L,I123T,T181S",4.52048921585083
"E43V,I79V,C92R,M112L,I123T,R124W",4.514891624450684
"N59K,I79V,C92Y,H106Y,I123T,R124W",4.496237277984619
"E43V,I79V,C92R,H106Y,M112L,R124W",4.486114501953125
"N59K,I79V,C92Y,I123K,R124W,T181S",4.467597007751465
"I79V,C92Y,H106Y,I123K,R124W,T181S",4.433144569396973
"E43V,N59K,C92R,M112L,I123T,T181S",4.3757219314575195
"E43V,S56R,C92Y,H106Y,M112L,I123K",4.3647661209106445
"E43V,I79V,C92Y,H106Y,I123T,T181S",4.342825889587402
"E43V,N59K,C92R,I123K,R124W,T181S",4.2513322830200195
"E43V,S56R,C92Y,M112L,I123T,R124W",4.2491302490234375
"E43V,N59K,I79V,M112L,I123K,T181S",4.234744071960449
"D32E,E43V,N59K,C92Y,M112L,I123T",4.231667995452881
"D32E,E43V,C92Y,H106Y,M112L,T181S",4.222590923309326
"E43V,S56R,C92Y,H106Y,M112L,R124W",4.161187648773193
"E43V,N59K,I79V,H106Y,M112L,I123T",4.157095432281494
"E43V,N59K,C92R,H106Y,I123T,R124W",4.139542102813721
"D32E,E43V,N59K,M112L,I123K,R124W",4.124096870422363
"D32E,E43V,C92Y,M112L,I123K,T181S",4.116489410400391
"N59K,C92R,H106Y,M112L,I123T,R124W",4.104870319366455
"N59K,C92R,M112L,I123K,R124W,T181S",4.042091369628906
"E43V,I79V,H106Y,M112L,I123K,T181S",4.04027795791626
"E43V,N59K,I79V,M112L,R124W,T181S",4.0338640213012695
"E43V,C92R,H106Y,M112L,I123T,T181S",3.992738962173462
"N59K,I79V,C92Y,H106Y,M112L,T181S",3.934628963470459
"D32E,E43V,C92Y,M112L,R124W,T181S",3.861438512802124
"D32E,E43V,C92Y,H106Y,M112L,I123T",3.8580949306488037
"E43V,N59K,I79V,H106Y,I123K,R124W",3.849304437637329
"D32E,E43V,H106Y,M112L,I123K,R124W",3.8157618045806885
"D32E,E43V,N59K,C92Y,I123K,R124W",3.803980588912964
"E43V,N59K,I79V,C92Y,H106Y,T181S",3.7999465465545654
"E43V,C92R,H106Y,I123K,R124W,T181S",3.755873680114746
"E43V,I79V,H106Y,M112L,R124W,T181S",3.754361867904663
"E43V,N59K,I79V,C92Y,I123K,T181S",3.751265525817871
"N59K,I79V,H106Y,M112L,I123K,R124W",3.735555410385132
"E43V,N59K,C92R,H106Y,M112L,T181S",3.6955485343933105
"E43V,I79V,M112L,I123T,R124W,T181S",3.694106101989746
"N59K,I79V,C92Y,M112L,I123K,T181S",3.6786558628082275
"C92R,H106Y,M112L,I123K,R124W,T181S",3.6780388355255127
"D32E,N59K,C92Y,M112L,I123K,R124W",3.659083127975464
"N59K,I79V,C92Y,H106Y,M112L,I123T",3.638120174407959
"D32E,E43V,N59K,C92Y,H106Y,M112L",3.6188786029815674
"E43V,N59K,I79V,C92Y,H106Y,I123T",3.610987663269043
"I79V,C92Y,H106Y,M112L,I123K,T181S",3.574270486831665
"N59K,I79V,C92Y,M112L,R124W,T181S",3.5445775985717773
"D32E,E43V,C92Y,H106Y,I123K,R124W",3.544424533843994
"E43V,I79V,C92Y,H106Y,I123K,T181S",3.539512872695923
"D32E,C92Y,H106Y,M112L,I123K,R124W",3.534644842147827
"N59K,I79V,C92Y,H106Y,I123K,R124W",3.495600938796997
"E43V,N59K,C92R,M112L,I123K,T181S",3.487766742706299
"I79V,C92Y,M112L,I123T,R124W,T181S",3.469892740249634
"E43V,N59K,I79V,C92Y,R124W,T181S",3.4537734985351562
"I79V,C92Y,H106Y,M112L,R124W,T181S",3.4001128673553467
"N59K,H106Y,M112L,I123T,R124W,T181S",3.3587899208068848
"E43V,I79V,C92Y,I123T,R124W,T181S",3.3453588485717773
"E43V,N59K,H106Y,I123T,R124W,T181S",3.3150722980499268
"E43V,N59K,C92R,M112L,R124W,T181S",3.3072376251220703
"D32E,E43V,N59K,C92Y,M112L,I123K",3.2968153953552246
"E43V,N59K,C92R,H106Y,M112L,I123T",3.2645106315612793
"E43V,I79V,C92Y,H106Y,R124W,T181S",3.2633798122406006
"E43V,I79V,C92R,M112L,I123K,R124W",3.213578224182129
"E43V,N59K,I79V,H106Y,M112L,I123K",3.190927743911743
"D32E,E43V,N59K,C92Y,M112L,R124W",3.137193441390991
"E43V,C92R,H106Y,M112L,I123K,T181S",3.1028411388397217
"E43V,N59K,I79V,H106Y,M112L,R124W",3.0640900135040283
"E43V,N59K,C92R,H106Y,I123K,R124W",3.049509286880493
"E43V,C92R,M112L,I123T,R124W,T181S",2.9753928184509277
"N59K,C92R,H106Y,M112L,I123K,R124W",2.952943801879883
"D32E,E43V,C92Y,H106Y,M112L,I123K",2.944485902786255
"E43V,C92R,H106Y,M112L,R124W,T181S",2.924731969833374
"N59K,C92Y,H106Y,I123T,R124W,T181S",2.921879768371582
"D32E,E43V,C92Y,M112L,I123T,R124W",2.915841817855835
"E43V,N59K,I79V,M112L,I123T,R124W",2.89412784576416
"D32E,E43V,C92Y,H106Y,M112L,R124W",2.88604736328125
"E43V,S56R,C92Y,M112L,I123K,R124W",2.7826993465423584
"E43V,I79V,H106Y,M112L,I123T,R124W",2.739694118499756
"E43V,N59K,I79V,C92Y,H106Y,I123K",2.704741954803467
"E43V,I79V,C92Y,M112L,I123T,T181S",2.655634641647339
"N59K,I79V,C92Y,H106Y,M112L,I123K",2.6172196865081787
"N59K,I79V,C92Y,H106Y,M112L,R124W",2.5923376083374023
"E43V,N59K,H106Y,M112L,I123T,T181S",2.5688230991363525
"E43V,I79V,M112L,I123K,R124W,T181S",2.566349506378174
"E43V,N59K,I79V,C92Y,H106Y,R124W",2.5347206592559814
"E43V,N59K,I79V,C92Y,I123T,R124W",2.5335936546325684
"I79V,C92Y,H106Y,M112L,I123T,R124W",2.52705454826355
"N59K,I79V,C92Y,M112L,I123T,R124W",2.504725694656372
"E43V,I79V,C92Y,H106Y,I123T,R124W",2.4749152660369873
"E43V,N59K,H106Y,I123K,R124W,T181S",2.384006977081299
"N59K,H106Y,M112L,I123K,R124W,T181S",2.3669333457946777
"I79V,C92Y,M112L,I123K,R124W,T181S",2.3493905067443848
"E43V,N59K,C92R,M112L,I123T,R124W",2.3281471729278564
"E43V,I79V,C92Y,I123K,R124W,T181S",2.324803590774536
"E43V,N59K,C92R,H106Y,M112L,I123K",2.2921059131622314
"E43V,N59K,C92R,H106Y,M112L,R124W",2.2487568855285645
"E43V,N59K,I79V,C92Y,M112L,T181S",2.1343767642974854
"N59K,C92Y,H106Y,M112L,I123T,T181S",2.040065050125122
"E43V,C92R,H106Y,M112L,I123T,R124W",2.03267240524292
"N59K,C92Y,H106Y,I123K,R124W,T181S",1.9510550498962402
"E43V,N59K,C92Y,H106Y,I123T,T181S",1.9418598413467407
"E43V,I79V,C92Y,H106Y,M112L,T181S",1.8949437141418457
"E43V,I79V,C92Y,M112L,I123K,T181S",1.7920020818710327
"E43V,N59K,I79V,C92Y,M112L,I123T",1.7450543642044067
"E43V,C92R,M112L,I123K,R124W,T181S",1.744828224182129
"E43V,N59K,H106Y,M112L,I123K,T181S",1.7411261796951294
"E43V,N59K,I79V,M112L,I123K,R124W",1.66286301612854
"E43V,I79V,C92Y,M112L,R124W,T181S",1.547785997390747
"E43V,N59K,H106Y,M112L,R124W,T181S",1.5424730777740479
"E43V,I79V,C92Y,H106Y,M112L,I123T",1.5296577215194702
"E43V,N59K,M112L,I123T,R124W,T181S",1.490370273590088
"E43V,I79V,H106Y,M112L,I123K,R124W",1.4744840860366821
"E43V,N59K,I79V,C92Y,I123K,R124W",1.4547138214111328
"D32E,E43V,C92Y,M112L,I123K,R124W",1.4464991092681885
"N59K,I79V,C92Y,M112L,I123K,R124W",1.3180378675460815
"E43V,I79V,C92Y,H106Y,I123K,R124W",1.3013263940811157
"I79V,C92Y,H106Y,M112L,I123K,R124W",1.2984400987625122
"N59K,C92Y,H106Y,M112L,I123K,T181S",1.205494999885559
"E43V,N59K,C92Y,H106Y,I123K,T181S",1.2016040086746216
"E43V,N59K,I79V,C92Y,H106Y,M112L",1.1720844507217407
"E43V,N59K,C92Y,I123T,R124W,T181S",1.1489181518554688
"E43V,H106Y,M112L,I123T,R124W,T181S",1.13666832447052
"N59K,C92Y,M112L,I123T,R124W,T181S",1.0808625221252441
"N59K,C92Y,H106Y,M112L,R124W,T181S",1.0721640586853027
"E43V,N59K,C92R,M112L,I123K,R124W",1.0394668579101562
"E43V,N59K,C92Y,H106Y,R124W,T181S",0.9591262936592102
"E43V,C92Y,H106Y,I123T,R124W,T181S",0.8333159685134888
"C92Y,H106Y,M112L,I123T,R124W,T181S",0.8130994439125061
"E43V,N59K,I79V,C92Y,M112L,I123K",0.7896405458450317
"E43V,C92R,H106Y,M112L,I123K,R124W",0.7011753916740417
"E43V,N59K,I79V,C92Y,M112L,R124W",0.6574952602386475
"E43V,N59K,H106Y,M112L,I123T,R124W",0.6029099822044373
"E43V,I79V,C92Y,H106Y,M112L,I123K",0.5644515156745911
"E43V,I79V,C92Y,M112L,I123T,R124W",0.5267610549926758
"E43V,I79V,C92Y,H106Y,M112L,R124W",0.499617338180542
"E43V,N59K,M112L,I123K,R124W,T181S",0.3699471354484558
"E43V,N59K,C92Y,M112L,I123T,T181S",0.3068271577358246
"E43V,N59K,C92Y,H106Y,I123T,R124W",0.1749477982521057
"N59K,C92Y,H106Y,M112L,I123T,R124W",0.14140108227729797
"E43V,N59K,C92Y,I123K,R124W,T181S",0.12250816076993942
"N59K,C92Y,M112L,I123K,R124W,T181S",-0.008888105861842632
"E43V,H106Y,M112L,I123K,R124W,T181S",-0.017212452366948128
"E43V,C92Y,H106Y,M112L,I123T,T181S",-0.05428009480237961
"E43V,C92Y,H106Y,I123K,R124W,T181S",-0.29605063796043396
"C92Y,H106Y,M112L,I123K,R124W,T181S",-0.3471416234970093
"E43V,N59K,C92Y,H106Y,M112L,T181S",-0.3736709952354431
"E43V,N59K,C92Y,M112L,I123K,T181S",-0.509208619594574
"E43V,N59K,H106Y,M112L,I123K,R124W",-0.6588554978370667
"E43V,N59K,C92Y,M112L,R124W,T181S",-0.7302900552749634
"E43V,N59K,C92Y,H106Y,M112L,I123T",-0.7477589845657349
"E43V,C92Y,H106Y,M112L,I123K,T181S",-0.8620524406433105
"E43V,I79V,C92Y,M112L,I123K,R124W",-0.8958845734596252
"E43V,N59K,C92Y,H106Y,I123K,R124W",-0.9338477849960327
"E43V,C92Y,M112L,I123T,R124W,T181S",-1.0269958972930908
"N59K,C92Y,H106Y,M112L,I123K,R124W",-1.0327634811401367
"E43V,C92Y,H106Y,M112L,R124W,T181S",-1.0866371393203735
"E43V,N59K,C92Y,H106Y,M112L,I123K",-1.6511229276657104
"E43V,N59K,C92Y,H106Y,M112L,R124W",-1.6746037006378174
"E43V,N59K,C92Y,M112L,I123T,R124W",-1.713491678237915
"E43V,C92Y,H106Y,M112L,I123T,R124W",-1.940706491470337
"E43V,C92Y,M112L,I123K,R124W,T181S",-2.313555955886841
"E43V,N59K,C92Y,M112L,I123K,R124W",-3.0717175006866455
"E43V,C92Y,H106Y,M112L,I123K,R124W",-3.415623188018799
